timestamp,value
0,192
1,313
2,847
3,1022
4,1023
5,1022
6,1022
7,1022
8,1023
9,1020
10,0
11,0
12,0
13,0
14,0
15,0
16,0
17,0
18,0
19,0
20,193
21,312
22,847
23,1022
24,1023
25,1022
26,1022
27,1022
28,1022
29,1021
30,0
31,0
32,0
33,0
34,0
35,0
36,0
37,0
38,0
39,0
40,196
41,313
42,841
43,1022
44,1023
45,1023
46,1022
47,1022
48,1022
49,1021
50,0
51,0
52,0
53,0
54,0
55,0
56,0
57,0
58,0
59,0
60,192
61,310
62,834
63,1022
64,1022
65,1022
66,1022
67,1022
68,1022
69,1021
70,0
71,0
72,0
73,0
74,0
75,0
76,0
77,0
78,0
79,0
80,189
81,308
82,829
83,1022
84,1022
85,1022
86,1022
87,1022
88,1022
89,1021
90,0
91,0
92,0
93,0
94,0
95,0
96,0
97,0
98,0
99,0
100,192
101,312
102,827
103,1023
104,1022
105,1022
106,1023
107,1022
108,1022
109,1022
110,0
111,0
112,0
113,0
114,0
115,0
116,0
117,0
118,0
119,0
120,198
121,316
122,828
123,1023
124,1023
125,1022
126,1023
127,1022
128,1022
129,1022
130,0
131,0
132,0
133,0
134,0
135,0
136,0
137,0
138,0
139,0
140,196
141,315
142,825
143,1022
144,1022
145,1022
146,1023
147,1023
148,1022
149,1022
150,0
151,0
152,0
153,0
154,0
155,0
156,0
157,0
158,0
159,0
160,198
161,317
162,826
163,1022
164,1023
165,1023
166,1023
167,1022
168,1022
169,1022
170,0
171,0
172,0
173,0
174,0
175,0
176,0
177,0
178,0
179,0
180,200
181,317
182,826
183,1022
184,1023
185,1023
186,1022
187,1023
188,1022
189,1022
190,0
191,0
192,0
193,0
194,0
195,0
196,0
197,0
198,0
199,0
200,190
201,312
202,814
203,1023
204,1022
205,1022
206,1022
207,1023
208,1023
209,1022
210,0
211,0
212,0
213,0
214,0
215,0
216,0
217,0
218,0
219,0
220,198
221,318
222,817
223,1023
224,1022
225,1022
226,1022
227,1022
228,1023
229,1022
230,0
231,0
232,0
233,0
234,0
235,0
236,0
237,0
238,0
239,0
240,192
241,311
242,807
243,1022
244,1023
245,1022
246,1023
247,1022
248,1022
249,1022
250,0
251,0
252,0
253,0
254,0
255,0
256,0
257,0
258,0
259,0
260,189
261,311
262,797
263,1022
264,1022
265,1022
266,1023
267,1022
268,1022
269,1022
270,0
271,0
272,0
273,0
274,0
275,0
276,0
277,0
278,0
279,0
280,191
281,313
282,798
283,1022
284,1022
285,1022
286,1023
287,1023
288,1022
289,1022
290,0
291,0
292,0
293,0
294,0
295,0
296,0
297,0
298,0
299,0
300,191
301,311
302,793
303,1022
304,1022
305,1022
306,1023
307,1023
308,1023
309,1022
310,0
311,0
312,0
313,0
314,0
315,0
316,0
317,0
318,0
319,0
320,192
321,315
322,789
323,1023
324,1023
325,1022
326,1022
327,1022
328,1022
329,1022
330,0
331,0
332,0
333,0
334,0
335,0
336,0
337,0
338,0
339,0
340,191
341,312
342,788
343,1022
344,1022
345,1022
346,1022
347,1023
348,1022
349,1022
350,0
351,0
352,0
353,0
354,0
355,0
356,0
357,0
358,0
359,0
360,184
361,306
362,772
363,1022
364,1023
365,1023
366,1022
367,1023
368,1022
369,1022
370,0
371,0
372,0
373,0
374,0
375,0
376,0
377,0
378,0
379,0
380,188
381,310
382,775
383,1022
384,1022
385,1023
386,1022
387,1023
388,1022
389,1022
390,0
391,0
392,0
393,0
394,0
395,0
396,0
397,0
398,0
399,0
400,185
401,306
402,772
403,1022
404,1022
405,1023
406,1023
407,1023
408,1022
409,1022
410,0
411,0
412,0
413,0
414,0
415,0
416,0
417,0
418,0
419,0
420,185
421,302
422,759
423,1022
424,1022
425,1023
426,1022
427,1023
428,1023
429,1022
430,0
431,0
432,0
433,0
434,0
435,0
436,0
437,0
438,0
439,0
440,177
441,297
442,751
443,1022
444,1023
445,1022
446,1022
447,1022
448,1023
449,1022
450,0
451,0
452,0
453,0
454,0
455,0
456,0
457,0
458,0
459,0
460,179
461,301
462,746
463,1022
464,1022
465,1022
466,1023
467,1022
468,1022
469,1022
470,0
471,0
472,0
473,0
474,0
475,0
476,0
477,0
478,0
479,0
480,176
481,298
482,736
483,1022
484,1023
485,1022
486,1023
487,1022
488,1022
489,1022
490,0
491,0
492,0
493,0
494,0
495,0
496,0
497,0
498,0
499,0
500,179
501,304
502,744
503,1022
504,1023
505,1022
506,1022
507,1022
508,1022
509,1022
510,0
511,0
512,0
513,0
514,0
515,0
516,0
517,0
518,0
519,0
520,177
521,299
522,733
523,1022
524,1023
525,1022
526,1022
527,1022
528,1022
529,1022
530,0
531,0
532,0
533,0
534,0
535,0
536,0
537,0
538,0
539,0
540,176
541,300
542,729
543,1023
544,1023
545,1022
546,1022
547,1022
548,1022
549,1022
550,0
551,0
552,0
553,0
554,0
555,0
556,0
557,0
558,0
559,0
560,176
561,297
562,722
563,1022
564,1022
565,1023
566,1023
567,1022
568,1023
569,1022
570,0
571,0
572,0
573,0
574,0
575,0
576,0
577,0
578,0
579,0
580,175
581,300
582,720
583,1022
584,1022
585,1022
586,1022
587,1023
588,1023
589,1022
590,0
591,0
592,0
593,0
594,0
595,0
596,0
597,0
598,0
599,0
600,178
601,299
602,713
603,1022
604,1022
605,1022
606,1023
607,1022
608,1022
609,1022
610,0
611,0
612,0
613,0
614,0
615,0
616,0
617,0
618,0
619,0
620,172
621,295
622,705
623,1022
624,1023
625,1022
626,1023
627,1023
628,1022
629,1022
630,0
631,0
632,0
633,0
634,0
635,0
636,0
637,0
638,0
639,0
640,174
641,291
642,689
643,1022
644,1022
645,1023
646,1022
647,1022
648,1023
649,1022
650,0
651,0
652,0
653,0
654,0
655,0
656,0
657,0
658,0
659,0
660,175
661,297
662,697
663,1022
664,1022
665,1022
666,1022
667,1023
668,1023
669,1022
670,0
671,0
672,0
673,0
674,0
675,0
676,0
677,0
678,0
679,0
680,176
681,299
682,688
683,1022
684,1023
685,1022
686,1023
687,1023
688,1022
689,1022
690,0
691,0
692,0
693,0
694,0
695,0
696,0
697,0
698,0
699,0
700,169
701,295
702,683
703,1022
704,1022
705,1022
706,1023
707,1022
708,1022
709,1022
710,0
711,0
712,0
713,0
714,0
715,0
716,0
717,0
718,0
719,0
720,177
721,305
722,688
723,1022
724,1022
725,1022
726,1022
727,1022
728,1022
729,1022
730,0
731,0
732,0
733,0
734,0
735,0
736,0
737,0
738,0
739,0
740,171
741,297
742,679
743,1022
744,1022
745,1022
746,1023
747,1022
748,1022
749,1022
750,0
751,0
752,0
753,0
754,0
755,0
756,0
757,0
758,0
759,0
760,172
761,302
762,677
763,1022
764,1022
765,1023
766,1022
767,1022
768,1023
769,1022
770,0
771,0
772,0
773,0
774,0
775,0
776,0
777,0
778,0
779,0
780,172
781,298
782,668
783,1023
784,1022
785,1022
786,1022
787,1023
788,1023
789,1022
790,0
791,0
792,0
793,0
794,0
795,0
796,0
797,0
798,0
799,0
800,167
801,295
802,660
803,1023
804,1022
805,1022
806,1023
807,1023
808,1022
809,1022
810,0
811,0
812,0
813,0
814,0
815,0
816,0
817,0
818,0
819,0
820,172
821,295
822,655
823,1022
824,1023
825,1022
826,1022
827,1022
828,1023
829,1022
830,0
831,0
832,0
833,0
834,0
835,0
836,0
837,0
838,0
839,0
840,170
841,302
842,662
843,1022
844,1023
845,1023
846,1022
847,1023
848,1022
849,1022
850,0
851,0
852,0
853,0
854,0
855,0
856,0
857,0
858,0
859,0
860,160
861,283
862,628
863,1022
864,1022
865,1022
866,1022
867,1022
868,1022
869,1022
870,0
871,0
872,0
873,0
874,0
875,0
876,0
877,0
878,0
879,0
880,160
881,287
882,630
883,1022
884,1023
885,1022
886,1023
887,1023
888,1022
889,1022
890,0
891,0
892,0
893,0
894,0
895,0
896,0
897,0
898,0
899,0
900,156
901,283
902,615
903,1022
904,1022
905,1022
906,1022
907,1023
908,1023
909,1022
910,0
911,0
912,0
913,0
914,0
915,0
916,0
917,0
918,0
919,0
920,151
921,278
922,611
923,1023
924,1022
925,1022
926,1022
927,1022
928,1022
929,1022
930,0
931,0
932,0
933,0
934,0
935,0
936,0
937,0
938,0
939,0
940,151
941,281
942,606
943,1023
944,1022
945,1022
946,1022
947,1022
948,1023
949,1023
950,0
951,0
952,0
953,0
954,0
955,0
956,0
957,0
958,0
959,0
960,145
961,275
962,598
963,1022
964,1023
965,1023
966,1022
967,1023
968,1022
969,1022
970,0
971,0
972,0
973,0
974,0
975,0
976,0
977,0
978,0
979,0
980,148
981,281
982,600
983,1022
984,1022
985,1022
986,1022
987,1022
988,1022
989,1023
990,0
991,0
992,0
993,0
994,0
995,0
996,0
997,0
998,0
999,0
1000,160
1001,291
1002,611
1003,1022
1004,1023
1005,1023
1006,1023
1007,1023
1008,1022
1009,1022
1010,0
1011,0
1012,0
1013,0
1014,0
1015,0
1016,0
1017,0
1018,0
1019,0
1020,143
1021,274
1022,588
1023,1022
1024,1022
1025,1022
1026,1022
1027,1022
1028,1022
1029,1022
1030,0
1031,0
1032,0
1033,0
1034,0
1035,0
1036,0
1037,0
1038,0
1039,0
1040,156
1041,284
1042,589
1043,1022
1044,1022
1045,1023
1046,1023
1047,1023
1048,1023
1049,1022
1050,0
1051,0
1052,0
1053,0
1054,0
1055,0
1056,0
1057,0
1058,0
1059,0
1060,164
1061,290
1062,592
1063,1023
1064,1023
1065,1022
1066,1022
1067,1023
1068,1023
1069,1022
1070,0
1071,0
1072,0
1073,0
1074,0
1075,0
1076,0
1077,0
1078,0
1079,0
1080,163
1081,287
1082,577
1083,1022
1084,1023
1085,1022
1086,1022
1087,1023
1088,1022
1089,1022
1090,0
1091,0
1092,0
1093,0
1094,0
1095,0
1096,0
1097,0
1098,0
1099,0
1100,159
1101,289
1102,580
1103,1022
1104,1022
1105,1022
1106,1023
1107,1023
1108,1022
1109,1023
1110,0
1111,0
1112,0
1113,0
1114,0
1115,0
1116,0
1117,0
1118,0
1119,0
1120,161
1121,287
1122,570
1123,1022
1124,1022
1125,1023
1126,1023
1127,1022
1128,1022
1129,1022
1130,0
1131,0
1132,0
1133,0
1134,0
1135,0
1136,0
1137,0
1138,0
1139,0
1140,153
1141,284
1142,560
1143,1022
1144,1022
1145,1022
1146,1022
1147,1022
1148,1022
1149,1022
1150,0
1151,0
1152,0
1153,0
1154,0
1155,0
1156,0
1157,0
1158,0
1159,0
1160,155
1161,286
1162,564
1163,1023
1164,1022
1165,1023
1166,1023
1167,1023
1168,1022
1169,1023
1170,0
1171,0
1172,0
1173,0
1174,0
1175,0
1176,0
1177,0
1178,0
1179,0
1180,156
1181,289
1182,561
1183,1022
1184,1022
1185,1022
1186,1022
1187,1023
1188,1023
1189,1023
1190,0
1191,0
1192,0
1193,0
1194,0
1195,0
1196,0
1197,0
1198,0
1199,0
1200,155
1201,289
1202,556
1203,1022
1204,1023
1205,1022
1206,1023
1207,1023
1208,1022
1209,1022
1210,0
1211,0
1212,0
1213,0
1214,0
1215,0
1216,0
1217,0
1218,0
1219,0
1220,156
1221,288
1222,554
1223,1023
1224,1023
1225,1022
1226,1023
1227,1022
1228,1022
1229,1023
1230,0
1231,0
1232,0
1233,0
1234,0
1235,0
1236,0
1237,0
1238,0
1239,0
1240,154
1241,288
1242,547
1243,1023
1244,1022
1245,1023
1246,1023
1247,1022
1248,1022
1249,1022
1250,0
1251,0
1252,0
1253,0
1254,0
1255,0
1256,0
1257,0
1258,0
1259,0
1260,156
1261,291
1262,543
1263,1023
1264,1022
1265,1022
1266,1022
1267,1022
1268,1023
1269,1022
1270,0
1271,0
1272,0
1273,0
1274,0
1275,0
1276,0
1277,0
1278,0
1279,0
1280,159
1281,292
1282,543
1283,1023
1284,1022
1285,1023
1286,1022
1287,1022
1288,1022
1289,1022
1290,0
1291,0
1292,0
1293,0
1294,0
1295,0
1296,0
1297,0
1298,0
1299,0
1300,156
1301,288
1302,535
1303,1023
1304,1022
1305,1023
1306,1022
1307,1022
1308,1022
1309,1023
1310,0
1311,0
1312,0
1313,0
1314,0
1315,0
1316,0
1317,0
1318,0
1319,0
1320,153
1321,287
1322,533
1323,1022
1324,1022
1325,1023
1326,1022
1327,1022
1328,1022
1329,1022
1330,0
1331,0
1332,0
1333,0
1334,0
1335,0
1336,0
1337,0
1338,0
1339,0
1340,153
1341,288
1342,525
1343,1022
1344,1023
1345,1022
1346,1023
1347,1022
1348,1022
1349,1023
1350,2
1351,0
1352,0
1353,0
1354,0
1355,0
1356,0
1357,0
1358,0
1359,0
1360,136
1361,275
1362,512
1363,1022
1364,1023
1365,1022
1366,1022
1367,1022
1368,1022
1369,1023
1370,8
1371,0
1372,0
1373,0
1374,0
1375,0
1376,0
1377,0
1378,0
1379,0
1380,147
1381,281
1382,513
1383,1022
1384,1023
1385,1022
1386,1022
1387,1022
1388,1022
1389,1022
1390,14
1391,0
1392,0
1393,0
1394,0
1395,0
1396,0
1397,0
1398,0
1399,0
1400,144
1401,280
1402,508
1403,1023
1404,1022
1405,1022
1406,1022
1407,1022
1408,1022
1409,1023
1410,15
1411,0
1412,0
1413,0
1414,0
1415,0
1416,0
1417,0
1418,0
1419,0
1420,143
1421,279
1422,499
1423,1022
1424,1022
1425,1022
1426,1023
1427,1022
1428,1022
1429,1023
1430,31
1431,0
1432,0
1433,0
1434,0
1435,0
1436,0
1437,0
1438,0
1439,0
1440,140
1441,279
1442,495
1443,1022
1444,1023
1445,1023
1446,1022
1447,1022
1448,1022
1449,1022
1450,29
1451,0
1452,0
1453,0
1454,0
1455,0
1456,0
1457,0
1458,0
1459,0
1460,136
1461,276
1462,490
1463,1022
1464,1023
1465,1022
1466,1022
1467,1022
1468,1022
1469,1023
1470,48
1471,0
1472,0
1473,0
1474,0
1475,0
1476,0
1477,0
1478,0
1479,0
1480,137
1481,274
1482,485
1483,1023
1484,1022
1485,1022
1486,1022
1487,1022
1488,1022
1489,1022
1490,49
1491,0
1492,0
1493,0
1494,0
1495,0
1496,0
1497,0
1498,0
1499,0
1500,135
1501,274
1502,481
1503,1022
1504,1022
1505,1022
1506,1022
1507,1022
1508,1023
1509,1022
1510,63
1511,0
1512,0
1513,0
1514,0
1515,0
1516,0
1517,0
1518,0
1519,0
1520,142
1521,282
1522,482
1523,1022
1524,1023
1525,1022
1526,1023
1527,1022
1528,1023
1529,1022
1530,67
1531,0
1532,0
1533,0
1534,0
1535,0
1536,0
1537,0
1538,0
1539,0
1540,141
1541,280
1542,482
1543,1022
1544,1023
1545,1022
1546,1022
1547,1022
1548,1022
1549,1023
1550,82
1551,0
1552,0
1553,0
1554,0
1555,0
1556,0
1557,0
1558,0
1559,0
1560,132
1561,271
1562,465
1563,1022
1564,1023
1565,1022
1566,1023
1567,1022
1568,1022
1569,1023
1570,94
1571,0
1572,0
1573,0
1574,0
1575,0
1576,0
1577,0
1578,0
1579,0
1580,126
1581,265
1582,457
1583,1022
1584,1022
1585,1023
1586,1023
1587,1022
1588,1022
1589,1022
1590,97
1591,0
1592,0
1593,0
1594,0
1595,0
1596,0
1597,0
1598,0
1599,0
1600,127
1601,265
1602,456
1603,1022
1604,1022
1605,1022
1606,1023
1607,1023
1608,1022
1609,1022
1610,105
1611,0
1612,0
1613,0
1614,0
1615,0
1616,0
1617,0
1618,0
1619,0
1620,129
1621,268
1622,453
1623,1022
1624,1022
1625,1023
1626,1023
1627,1023
1628,1022
1629,1022
1630,119
1631,0
1632,0
1633,0
1634,0
1635,0
1636,0
1637,0
1638,0
1639,0
1640,128
1641,272
1642,449
1643,1022
1644,1022
1645,1023
1646,1023
1647,1023
1648,1022
1649,1022
1650,132
1651,0
1652,0
1653,0
1654,0
1655,0
1656,0
1657,0
1658,0
1659,0
1660,127
1661,271
1662,449
1663,1022
1664,1023
1665,1023
1666,1022
1667,1022
1668,1022
1669,1023
1670,137
1671,0
1672,0
1673,0
1674,0
1675,0
1676,0
1677,0
1678,0
1679,0
1680,124
1681,268
1682,442
1683,1022
1684,1022
1685,1023
1686,1023
1687,1023
1688,1023
1689,1022
1690,153
1691,0
1692,0
1693,0
1694,0
1695,0
1696,0
1697,0
1698,0
1699,0
1700,126
1701,269
1702,441
1703,1023
1704,1022
1705,1022
1706,1022
1707,1023
1708,1022
1709,1022
1710,161
1711,0
1712,0
1713,0
1714,0
1715,0
1716,0
1717,0
1718,0
1719,0
1720,126
1721,274
1722,445
1723,1023
1724,1022
1725,1023
1726,1022
1727,1023
1728,1023
1729,1022
1730,161
1731,0
1732,0
1733,0
1734,0
1735,0
1736,0
1737,0
1738,0
1739,0
1740,120
1741,266
1742,434
1743,1023
1744,1023
1745,1022
1746,1022
1747,1023
1748,1023
1749,1022
1750,179
1751,0
1752,0
1753,0
1754,0
1755,0
1756,0
1757,0
1758,0
1759,0
1760,122
1761,270
1762,435
1763,1022
1764,1022
1765,1023
1766,1023
1767,1022
1768,1023
1769,1022
1770,188
1771,0
1772,0
1773,0
1774,0
1775,0
1776,0
1777,0
1778,0
1779,0
1780,118
1781,267
1782,430
1783,1022
1784,1022
1785,1022
1786,1022
1787,1022
1788,1022
1789,1023
1790,199
1791,0
1792,0
1793,0
1794,0
1795,0
1796,0
1797,0
1798,0
1799,0
1800,118
1801,263
1802,420
1803,1022
1804,1023
1805,1022
1806,1022
1807,1022
1808,1022
1809,1023
1810,212
1811,0
1812,0
1813,0
1814,0
1815,0
1816,0
1817,0
1818,0
1819,0
1820,122
1821,266
1822,418
1823,1022
1824,1023
1825,1022
1826,1022
1827,1022
1828,1022
1829,1023
1830,211
1831,0
1832,0
1833,0
1834,0
1835,0
1836,0
1837,0
1838,0
1839,0
1840,107
1841,254
1842,401
1843,1022
1844,1023
1845,1023
1846,1022
1847,1022
1848,1023
1849,1022
1850,222
1851,0
1852,0
1853,0
1854,0
1855,0
1856,0
1857,0
1858,0
1859,0
1860,108
1861,256
1862,405
1863,1022
1864,1022
1865,1022
1866,1022
1867,1022
1868,1023
1869,1023
1870,241
1871,0
1872,0
1873,0
1874,0
1875,0
1876,0
1877,0
1878,0
1879,0
1880,109
1881,263
1882,415
1883,1023
1884,1023
1885,1023
1886,1023
1887,1022
1888,1023
1889,1022
1890,238
1891,0
1892,0
1893,0
1894,0
1895,0
1896,0
1897,0
1898,0
1899,0
1900,108
1901,263
1902,412
1903,1022
1904,1023
1905,1022
1906,1022
1907,1022
1908,1022
1909,1023
1910,271
1911,0
1912,0
1913,0
1914,0
1915,0
1916,0
1917,0
1918,0
1919,0
1920,114
1921,267
1922,409
1923,1022
1924,1023
1925,1023
1926,1023
1927,1023
1928,1022
1929,1023
1930,274
1931,0
1932,0
1933,0
1934,0
1935,0
1936,0
1937,0
1938,0
1939,0
1940,105
1941,259
1942,399
1943,1022
1944,1023
1945,1023
1946,1022
1947,1022
1948,1022
1949,1023
1950,286
1951,0
1952,0
1953,0
1954,0
1955,0
1956,0
1957,0
1958,0
1959,0
1960,97
1961,250
1962,388
1963,1022
1964,1023
1965,1023
1966,1022
1967,1022
1968,1022
1969,1023
1970,290
1971,0
1972,0
1973,0
1974,0
1975,0
1976,0
1977,0
1978,0
1979,0
1980,98
1981,252
1982,394
1983,1022
1984,1023
1985,1023
1986,1022
1987,1023
1988,1022
1989,1023
1990,312
1991,0
1992,0
1993,0
1994,0
1995,0
1996,0
1997,0
1998,0
1999,0
2000,112
2001,263
2002,399
2003,1022
2004,1022
2005,1022
2006,1023
2007,1023
2008,1023
2009,1022
2010,325
2011,0
2012,0
2013,0
2014,0
2015,0
2016,0
2017,0
2018,0
2019,0
2020,110
2021,265
2022,400
2023,1022
2024,1023
2025,1022
2026,1022
2027,1022
2028,1023
2029,1023
2030,339
2031,0
2032,0
2033,0
2034,0
2035,0
2036,0
2037,0
2038,0
2039,0
2040,109
2041,259
2042,387
2043,1022
2044,1023
2045,1022
2046,1023
2047,1022
2048,1022
2049,1023
2050,347
2051,0
2052,0
2053,0
2054,0
2055,0
2056,0
2057,0
2058,0
2059,0
2060,99
2061,254
2062,383
2063,1022
2064,1022
2065,1022
2066,1023
2067,1022
2068,1022
2069,1022
2070,356
2071,0
2072,0
2073,0
2074,0
2075,0
2076,0
2077,0
2078,0
2079,0
2080,97
2081,253
2082,378
2083,1023
2084,1022
2085,1022
2086,1022
2087,1022
2088,1022
2089,1023
2090,363
2091,0
2092,0
2093,0
2094,0
2095,0
2096,0
2097,0
2098,0
2099,0
2100,92
2101,250
2102,381
2103,1023
2104,1022
2105,1022
2106,1022
2107,1022
2108,1023
2109,1023
2110,371
2111,0
2112,0
2113,0
2114,0
2115,0
2116,0
2117,0
2118,0
2119,0
2120,94
2121,253
2122,375
2123,1022
2124,1022
2125,1023
2126,1022
2127,1023
2128,1023
2129,1023
2130,395
2131,0
2132,0
2133,0
2134,0
2135,0
2136,0
2137,0
2138,0
2139,0
2140,86
2141,248
2142,372
2143,1022
2144,1023
2145,1022
2146,1022
2147,1022
2148,1022
2149,1023
2150,398
2151,0
2152,0
2153,0
2154,0
2155,0
2156,0
2157,0
2158,0
2159,0
2160,87
2161,252
2162,378
2163,1022
2164,1023
2165,1022
2166,1023
2167,1022
2168,1022
2169,1023
2170,408
2171,0
2172,0
2173,0
2174,0
2175,0
2176,0
2177,0
2178,0
2179,0
2180,81
2181,241
2182,366
2183,1023
2184,1022
2185,1022
2186,1023
2187,1022
2188,1023
2189,1022
2190,411
2191,0
2192,0
2193,0
2194,0
2195,0
2196,0
2197,0
2198,0
2199,0
2200,79
2201,237
2202,366
2203,1022
2204,1022
2205,1023
2206,1023
2207,1022
2208,1022
2209,1022
2210,423
2211,0
2212,0
2213,0
2214,0
2215,0
2216,0
2217,0
2218,0
2219,0
2220,80
2221,239
2222,360
2223,1022
2224,1022
2225,1022
2226,1023
2227,1022
2228,1022
2229,1023
2230,425
2231,0
2232,0
2233,0
2234,0
2235,0
2236,0
2237,0
2238,0
2239,0
2240,73
2241,235
2242,358
2243,1023
2244,1022
2245,1023
2246,1023
2247,1022
2248,1022
2249,1023
2250,442
2251,0
2252,0
2253,0
2254,0
2255,0
2256,0
2257,0
2258,0
2259,0
2260,79
2261,232
2262,354
2263,1022
2264,1023
2265,1022
2266,1022
2267,1022
2268,1022
2269,1023
2270,444
2271,0
2272,0
2273,0
2274,0
2275,0
2276,0
2277,0
2278,0
2279,0
2280,67
2281,229
2282,348
2283,1022
2284,1023
2285,1023
2286,1022
2287,1022
2288,1022
2289,1023
2290,460
2291,0
2292,0
2293,0
2294,0
2295,0
2296,0
2297,0
2298,0
2299,0
2300,72
2301,231
2302,347
2303,1022
2304,1023
2305,1022
2306,1022
2307,1023
2308,1022
2309,1022
2310,472
2311,0
2312,0
2313,0
2314,0
2315,0
2316,0
2317,0
2318,0
2319,0
2320,78
2321,238
2322,358
2323,1022
2324,1022
2325,1023
2326,1023
2327,1023
2328,1023
2329,1022
2330,483
2331,0
2332,0
2333,0
2334,0
2335,0
2336,0
2337,0
2338,0
2339,0
2340,81
2341,246
2342,360
2343,1022
2344,1022
2345,1022
2346,1023
2347,1022
2348,1023
2349,1022
2350,503
2351,0
2352,0
2353,0
2354,0
2355,0
2356,0
2357,0
2358,0
2359,0
2360,72
2361,238
2362,360
2363,1022
2364,1022
2365,1022
2366,1023
2367,1022
2368,1022
2369,1022
2370,491
2371,0
2372,0
2373,0
2374,0
2375,0
2376,0
2377,0
2378,0
2379,0
2380,68
2381,239
2382,363
2383,1022
2384,1023
2385,1022
2386,1022
2387,1022
2388,1022
2389,1023
2390,512
2391,0
2392,0
2393,0
2394,0
2395,0
2396,0
2397,0
2398,0
2399,0
2400,60
2401,223
2402,343
2403,1022
2404,1023
2405,1023
2406,1023
2407,1023
2408,1022
2409,1023
2410,517
2411,0
2412,0
2413,0
2414,0
2415,0
2416,0
2417,0
2418,0
2419,0
2420,60
2421,228
2422,350
2423,1022
2424,1022
2425,1022
2426,1022
2427,1022
2428,1023
2429,1023
2430,538
2431,0
2432,0
2433,0
2434,0
2435,0
2436,0
2437,0
2438,0
2439,0
2440,61
2441,224
2442,344
2443,1023
2444,1022
2445,1022
2446,1022
2447,1023
2448,1022
2449,1022
2450,537
2451,0
2452,0
2453,0
2454,0
2455,0
2456,0
2457,0
2458,0
2459,0
2460,60
2461,226
2462,348
2463,1022
2464,1023
2465,1022
2466,1022
2467,1022
2468,1023
2469,1022
2470,558
2471,0
2472,0
2473,0
2474,0
2475,0
2476,0
2477,0
2478,0
2479,0
2480,66
2481,225
2482,342
2483,1022
2484,1022
2485,1022
2486,1022
2487,1022
2488,1022
2489,1023
2490,561
2491,0
2492,0
2493,0
2494,0
2495,0
2496,0
2497,0
2498,0
2499,0
2500,59
2501,226
2502,344
2503,1022
2504,1022
2505,1022
2506,1022
2507,1023
2508,1022
2509,1023
2510,578
2511,0
2512,0
2513,0
2514,0
2515,0
2516,0
2517,0
2518,0
2519,0
2520,64
2521,231
2522,348
2523,1022
2524,1023
2525,1023
2526,1023
2527,1022
2528,1022
2529,1023
2530,584
2531,0
2532,0
2533,0
2534,0
2535,0
2536,0
2537,0
2538,0
2539,0
2540,59
2541,227
2542,345
2543,1022
2544,1022
2545,1023
2546,1022
2547,1023
2548,1023
2549,1023
2550,594
2551,0
2552,0
2553,0
2554,0
2555,0
2556,0
2557,0
2558,0
2559,0
2560,60
2561,231
2562,344
2563,1022
2564,1022
2565,1023
2566,1023
2567,1023
2568,1023
2569,1022
2570,603
2571,0
2572,0
2573,0
2574,0
2575,0
2576,0
2577,0
2578,0
2579,0
2580,48
2581,217
2582,334
2583,1022
2584,1022
2585,1023
2586,1022
2587,1022
2588,1023
2589,1022
2590,611
2591,0
2592,0
2593,0
2594,0
2595,0
2596,0
2597,0
2598,0
2599,0
2600,51
2601,224
2602,340
2603,1022
2604,1022
2605,1023
2606,1022
2607,1023
2608,1022
2609,1023
2610,621
2611,0
2612,0
2613,0
2614,0
2615,0
2616,0
2617,0
2618,0
2619,0
2620,49
2621,217
2622,332
2623,1022
2624,1022
2625,1022
2626,1022
2627,1022
2628,1022
2629,1023
2630,628
2631,0
2632,0
2633,0
2634,0
2635,0
2636,0
2637,0
2638,0
2639,0
2640,45
2641,220
2642,337
2643,1022
2644,1023
2645,1022
2646,1023
2647,1023
2648,1022
2649,1022
2650,644
2651,0
2652,0
2653,0
2654,0
2655,0
2656,0
2657,0
2658,0
2659,0
2660,46
2661,217
2662,334
2663,1022
2664,1023
2665,1022
2666,1022
2667,1023
2668,1022
2669,1022
2670,645
2671,0
2672,0
2673,0
2674,0
2675,0
2676,0
2677,0
2678,0
2679,0
2680,43
2681,213
2682,334
2683,1022
2684,1023
2685,1022
2686,1023
2687,1022
2688,1022
2689,1022
2690,669
2691,0
2692,0
2693,0
2694,0
2695,0
2696,0
2697,0
2698,0
2699,0
2700,45
2701,213
2702,329
2703,1022
2704,1023
2705,1022
2706,1022
2707,1022
2708,1023
2709,1022
2710,668
2711,0
2712,0
2713,0
2714,0
2715,0
2716,0
2717,0
2718,0
2719,0
2720,45
2721,219
2722,335
2723,1022
2724,1022
2725,1022
2726,1022
2727,1022
2728,1022
2729,1023
2730,679
2731,0
2732,0
2733,0
2734,0
2735,0
2736,0
2737,0
2738,0
2739,0
2740,53
2741,220
2742,334
2743,1022
2744,1022
2745,1022
2746,1022
2747,1023
2748,1022
2749,1023
2750,698
2751,0
2752,0
2753,0
2754,0
2755,0
2756,0
2757,0
2758,0
2759,0
2760,43
2761,216
2762,333
2763,1022
2764,1023
2765,1022
2766,1022
2767,1022
2768,1022
2769,1023
2770,708
2771,0
2772,0
2773,0
2774,0
2775,0
2776,0
2777,0
2778,0
2779,0
2780,56
2781,225
2782,335
2783,1022
2784,1022
2785,1023
2786,1022
2787,1022
2788,1023
2789,1022
2790,715
2791,0
2792,0
2793,0
2794,0
2795,0
2796,0
2797,0
2798,0
2799,0
2800,43
2801,218
2802,333
2803,1022
2804,1022
2805,1023
2806,1022
2807,1022
2808,1023
2809,1022
2810,723
2811,0
2812,0
2813,0
2814,0
2815,0
2816,0
2817,0
2818,0
2819,0
2820,51
2821,228
2822,337
2823,1022
2824,1023
2825,1022
2826,1022
2827,1023
2828,1023
2829,1022
2830,735
2831,0
2832,0
2833,0
2834,0
2835,0
2836,0
2837,0
2838,0
2839,0
2840,39
2841,216
2842,331
2843,1022
2844,1023
2845,1023
2846,1023
2847,1023
2848,1022
2849,1023
2850,735
2851,0
2852,0
2853,0
2854,0
2855,0
2856,0
2857,0
2858,0
2859,0
2860,35
2861,215
2862,332
2863,1022
2864,1022
2865,1022
2866,1022
2867,1023
2868,1022
2869,1023
2870,761
2871,0
2872,0
2873,0
2874,0
2875,0
2876,0
2877,0
2878,0
2879,0
2880,39
2881,214
2882,330
2883,1022
2884,1022
2885,1023
2886,1023
2887,1022
2888,1022
2889,1023
2890,751
2891,0
2892,0
2893,0
2894,0
2895,0
2896,0
2897,0
2898,0
2899,0
2900,40
2901,223
2902,348
2903,1022
2904,1022
2905,1022
2906,1022
2907,1022
2908,1022
2909,1022
2910,759
2911,0
2912,0
2913,0
2914,0
2915,0
2916,0
2917,0
2918,0
2919,0
2920,27
2921,209
2922,332
2923,1021
2924,1023
2925,1022
2926,1022
2927,1023
2928,1023
2929,1023
2930,760
2931,0
2932,0
2933,0
2934,0
2935,0
2936,0
2937,0
2938,0
2939,0
2940,15
2941,210
2942,338
2943,1022
2944,1022
2945,1023
2946,1022
2947,1022
2948,1022
2949,1023
2950,772
2951,0
2952,0
2953,0
2954,0
2955,0
2956,0
2957,0
2958,0
2959,0
2960,38
2961,214
2962,334
2963,1020
2964,1023
2965,1022
2966,1023
2967,1022
2968,1022
2969,1022
2970,801
2971,0
2972,0
2973,0
2974,0
2975,0
2976,0
2977,0
2978,0
2979,0
2980,40
2981,216
2982,335
2983,1020
2984,1023
2985,1022
2986,1022
2987,1022
2988,1022
2989,1022
2990,811
2991,0
2992,0
2993,0
2994,0
2995,0
2996,0
2997,0
2998,0
2999,0
3000,30
3001,206
3002,316
3003,1007
3004,1022
3005,1023
3006,1023
3007,1022
3008,1022
3009,1023
3010,810
3011,0
3012,0
3013,0
3014,0
3015,0
3016,0
3017,0
3018,0
3019,0
3020,30
3021,208
3022,324
3023,1005
3024,1022
3025,1023
3026,1022
3027,1022
3028,1023
3029,1023
3030,816
3031,0
3032,0
3033,0
3034,0
3035,0
3036,0
3037,0
3038,0
3039,0
3040,30
3041,211
3042,321
3043,999
3044,1022
3045,1022
3046,1023
3047,1022
3048,1022
3049,1022
3050,834
3051,0
3052,0
3053,0
3054,0
3055,0
3056,0
3057,0
3058,0
3059,0
3060,9
3061,201
3062,319
3063,993
3064,1022
3065,1022
3066,1022
3067,1022
3068,1023
3069,1022
3070,840
3071,0
3072,0
3073,0
3074,0
3075,0
3076,0
3077,0
3078,0
3079,0
3080,21
3081,207
3082,325
3083,985
3084,1022
3085,1023
3086,1022
3087,1022
3088,1022
3089,1022
3090,851
3091,0
3092,0
3093,0
3094,0
3095,0
3096,0
3097,0
3098,0
3099,0
3100,0
3101,195
3102,315
3103,982
3104,1022
3105,1022
3106,1022
3107,1023
3108,1022
3109,1022
3110,845
3111,0
3112,0
3113,0
3114,0
3115,0
3116,0
3117,0
3118,0
3119,0
3120,0
3121,195
3122,314
3123,965
3124,1023
3125,1022
3126,1022
3127,1022
3128,1022
3129,1022
3130,864
3131,0
3132,0
3133,0
3134,0
3135,0
3136,0
3137,0
3138,0
3139,0
3140,0
3141,188
3142,307
3143,952
3144,1022
3145,1022
3146,1022
3147,1022
3148,1023
3149,1022
3150,867
3151,0
3152,0
3153,0
3154,0
3155,0
3156,0
3157,0
3158,0
3159,0
3160,0
3161,191
3162,318
3163,963
3164,1022
3165,1022
3166,1022
3167,1022
3168,1023
3169,1022
3170,885
3171,0
3172,0
3173,0
3174,0
3175,0
3176,0
3177,0
3178,0
3179,0
3180,19
3181,197
3182,318
3183,955
3184,1022
3185,1023
3186,1022
3187,1023
3188,1023
3189,1022
3190,888
3191,0
3192,0
3193,0
3194,0
3195,0
3196,0
3197,0
3198,0
3199,0
3200,7
3201,198
3202,317
3203,955
3204,1022
3205,1023
3206,1022
3207,1022
3208,1022
3209,1022
3210,899
3211,0
3212,0
3213,0
3214,0
3215,0
3216,0
3217,0
3218,0
3219,0
3220,17
3221,200
3222,313
3223,934
3224,1022
3225,1023
3226,1022
3227,1022
3228,1022
3229,1022
3230,907
3231,0
3232,0
3233,0
3234,0
3235,0
3236,0
3237,0
3238,0
3239,0
3240,0
3241,198
3242,318
3243,933
3244,1022
3245,1022
3246,1023
3247,1022
3248,1022
3249,1022
3250,921
3251,0
3252,0
3253,0
3254,0
3255,0
3256,0
3257,0
3258,0
3259,0
3260,0
3261,197
3262,308
3263,920
3264,1022
3265,1022
3266,1022
3267,1022
3268,1022
3269,1022
3270,917
3271,0
3272,0
3273,0
3274,0
3275,0
3276,0
3277,0
3278,0
3279,0
3280,0
3281,185
3282,302
3283,908
3284,1023
3285,1022
3286,1022
3287,1022
3288,1023
3289,1022
3290,936
3291,0
3292,0
3293,0
3294,0
3295,0
3296,0
3297,0
3298,0
3299,0
3300,0
3301,195
3302,313
3303,902
3304,1023
3305,1022
3306,1023
3307,1023
3308,1023
3309,1022
3310,963
3311,0
3312,0
3313,0
3314,0
3315,0
3316,0
3317,0
3318,0
3319,0
3320,0
3321,194
3322,308
3323,896
3324,1022
3325,1022
3326,1023
3327,1022
3328,1022
3329,1023
3330,979
3331,0
3332,0
3333,0
3334,0
3335,0
3336,0
3337,0
3338,0
3339,0
3340,0
3341,196
3342,318
3343,897
3344,1022
3345,1022
3346,1023
3347,1023
3348,1022
3349,1022
3350,1012
3351,0
3352,0
3353,0
3354,0
3355,0
3356,0
3357,0
3358,0
3359,0
3360,0
3361,195
3362,316
3363,893
3364,1022
3365,1022
3366,1023
3367,1022
3368,1022
3369,1023
3370,998
3371,0
3372,0
3373,0
3374,0
3375,0
3376,0
3377,0
3378,0
3379,0
3380,0
3381,190
3382,313
3383,888
3384,1022
3385,1022
3386,1023
3387,1022
3388,1023
3389,1022
3390,1016
3391,0
3392,0
3393,0
3394,0
3395,0
3396,0
3397,0
3398,0
3399,0
3400,0
3401,184
3402,306
3403,872
3404,1022
3405,1023
3406,1022
3407,1022
3408,1022
3409,1022
3410,1018
3411,0
3412,0
3413,0
3414,0
3415,0
3416,0
3417,0
3418,0
3419,0
3420,3
3421,205
3422,327
3423,889
3424,1022
3425,1022
3426,1022
3427,1022
3428,1022
3429,1022
3430,1020
3431,0
3432,0
3433,0
3434,0
3435,0
3436,0
3437,0
3438,0
3439,0
3440,5
3441,197
3442,314
3443,868
3444,1022
3445,1022
3446,1022
3447,1022
3448,1022
3449,1022
3450,1020
3451,0
3452,0
3453,0
3454,0
3455,0
3456,0
3457,0
3458,0
3459,0
3460,0
3461,185
3462,303
3463,849
3464,1022
3465,1022
3466,1022
3467,1022
3468,1022
3469,1022
3470,1021
3471,0
3472,0
3473,0
3474,0
3475,0
3476,0
3477,0
3478,0
3479,0
3480,0
3481,181
3482,297
3483,840
3484,1023
3485,1022
3486,1022
3487,1023
3488,1022
3489,1022
3490,1021
3491,0
3492,0
3493,0
3494,0
3495,0
3496,0
3497,0
3498,0
3499,0
3500,0
3501,177
3502,297
3503,831
3504,1022
3505,1022
3506,1023
3507,1022
3508,1022
3509,1022
3510,1022
3511,0
3512,0
3513,0
3514,0
3515,0
3516,0
3517,0
3518,0
3519,0
3520,0
3521,174
3522,294
3523,823
3524,1022
3525,1023
3526,1022
3527,1023
3528,1023
3529,1022
3530,1022
3531,0
3532,0
3533,0
3534,0
3535,0
3536,0
3537,0
3538,0
3539,0
3540,0
3541,175
3542,295
3543,817
3544,1022
3545,1023
3546,1022
3547,1023
3548,1022
3549,1022
3550,1022
3551,0
3552,0
3553,0
3554,0
3555,0
3556,0
3557,0
3558,0
3559,0
3560,0
3561,189
3562,311
3563,820
3564,1022
3565,1022
3566,1022
3567,1023
3568,1022
3569,1022
3570,1022
3571,0
3572,0
3573,0
3574,0
3575,0
3576,0
3577,0
3578,0
3579,0
3580,0
3581,182
3582,303
3583,815
3584,1022
3585,1023
3586,1022
3587,1023
3588,1023
3589,1022
3590,1022
3591,0
3592,0
3593,0
3594,0
3595,0
3596,0
3597,0
3598,0
3599,0
3600,0
3601,186
3602,311
3603,817
3604,1023
3605,1023
3606,1022
3607,1023
3608,1022
3609,1023
3610,1022
3611,0
3612,0
3613,0
3614,0
3615,0
3616,0
3617,0
3618,0
3619,0
3620,0
3621,188
3622,312
3623,812
3624,1022
3625,1022
3626,1023
3627,1022
3628,1023
3629,1022
3630,1022
3631,0
3632,0
3633,0
3634,0
3635,0
3636,0
3637,0
3638,0
3639,0
3640,0
3641,201
3642,328
3643,824
3644,1022
3645,1023
3646,1022
3647,1023
3648,1023
3649,1022
3650,1022
3651,0
3652,0
3653,0
3654,0
3655,0
3656,0
3657,0
3658,0
3659,0
3660,5
3661,200
3662,321
3663,810
3664,1022
3665,1022
3666,1022
3667,1022
3668,1022
3669,1022
3670,1022
3671,0
3672,0
3673,0
3674,0
3675,0
3676,0
3677,0
3678,0
3679,0
3680,0
3681,199
3682,320
3683,806
3684,1022
3685,1023
3686,1022
3687,1023
3688,1022
3689,1022
3690,1022
3691,0
3692,0
3693,0
3694,0
3695,0
3696,0
3697,0
3698,0
3699,0
3700,0
3701,198
3702,318
3703,794
3704,1022
3705,1022
3706,1022
3707,1023
3708,1022
3709,1022
3710,1022
3711,0
3712,0
3713,0
3714,0
3715,0
3716,0
3717,0
3718,0
3719,0
3720,0
3721,193
3722,316
3723,787
3724,1022
3725,1023
3726,1023
3727,1023
3728,1023
3729,1022
3730,1022
3731,0
3732,0
3733,0
3734,0
3735,0
3736,0
3737,0
3738,0
3739,0
3740,0
3741,185
3742,302
3743,764
3744,1022
3745,1022
3746,1023
3747,1022
3748,1023
3749,1022
3750,1022
3751,0
3752,0
3753,0
3754,0
3755,0
3756,0
3757,0
3758,0
3759,0
3760,0
3761,174
3762,295
3763,756
3764,1023
3765,1022
3766,1022
3767,1022
3768,1023
3769,1022
3770,1022
3771,0
3772,0
3773,0
3774,0
3775,0
3776,0
3777,0
3778,0
3779,0
3780,0
3781,172
3782,292
3783,743
3784,1022
3785,1022
3786,1022
3787,1022
3788,1022
3789,1022
3790,1022
3791,0
3792,0
3793,0
3794,0
3795,0
3796,0
3797,0
3798,0
3799,0
3800,0
3801,172
3802,295
3803,745
3804,1022
3805,1022
3806,1022
3807,1022
3808,1022
3809,1022
3810,1022
3811,0
3812,0
3813,0
3814,0
3815,0
3816,0
3817,0
3818,0
3819,0
3820,0
3821,177
3822,298
3823,739
3824,1022
3825,1022
3826,1022
3827,1023
3828,1022
3829,1022
3830,1022
3831,0
3832,0
3833,0
3834,0
3835,0
3836,0
3837,0
3838,0
3839,0
3840,0
3841,171
3842,295
3843,732
3844,1022
3845,1023
3846,1022
3847,1022
3848,1022
3849,1022
3850,1022
3851,0
3852,0
3853,0
3854,0
3855,0
3856,0
3857,0
3858,0
3859,0
3860,0
3861,179
3862,307
3863,745
3864,1022
3865,1022
3866,1023
3867,1022
3868,1022
3869,1022
3870,1022
3871,0
3872,0
3873,0
3874,0
3875,0
3876,0
3877,0
3878,0
3879,0
3880,0
3881,179
3882,300
3883,732
3884,1022
3885,1022
3886,1022
3887,1022
3888,1022
3889,1022
3890,1022
3891,0
3892,0
3893,0
3894,0
3895,0
3896,0
3897,0
3898,0
3899,0
3900,0
3901,178
3902,304
3903,735
3904,1022
3905,1022
3906,1022
3907,1022
3908,1022
3909,1022
3910,1022
3911,0
3912,0
3913,0
3914,0
3915,0
3916,0
3917,0
3918,0
3919,0
3920,0
3921,179
3922,302
3923,722
3924,1022
3925,1023
3926,1022
3927,1023
3928,1022
3929,1022
3930,1022
3931,0
3932,0
3933,0
3934,0
3935,0
3936,0
3937,0
3938,0
3939,0
3940,0
3941,166
3942,294
3943,717
3944,1022
3945,1022
3946,1023
3947,1022
3948,1022
3949,1022
3950,1022
3951,0
3952,0
3953,0
3954,0
3955,0
3956,0
3957,0
3958,0
3959,0
3960,0
3961,155
3962,277
3963,692
3964,1022
3965,1023
3966,1023
3967,1022
3968,1022
3969,1023
3970,1022
3971,0
3972,0
3973,0
3974,0
3975,0
3976,0
3977,0
3978,0
3979,0
3980,0
3981,165
3982,286
3983,698
3984,1022
3985,1023
3986,1022
3987,1023
3988,1022
3989,1022
3990,1022
3991,0
3992,0
3993,0
3994,0
3995,0
3996,0
3997,0
3998,0
3999,0
4000,0
4001,164
4002,286
4003,688
4004,1022
4005,1022
4006,1023
4007,1023
4008,1022
4009,1022
4010,1022
4011,0
4012,0
4013,0
4014,0
4015,0
4016,0
4017,0
4018,0
4019,0
4020,0
4021,159
4022,284
4023,680
4024,1022
4025,1022
4026,1022
4027,1022
4028,1022
4029,1022
4030,1022
4031,0
4032,0
4033,0
4034,0
4035,0
4036,0
4037,0
4038,0
4039,0
4040,0
4041,167
4042,291
4043,685
4044,1022
4045,1023
4046,1023
4047,1022
4048,1022
4049,1022
4050,1022
4051,0
4052,0
4053,0
4054,0
4055,0
4056,0
4057,0
4058,0
4059,0
4060,0
4061,160
4062,286
4063,678
4064,1022
4065,1023
4066,1022
4067,1022
4068,1022
4069,1022
4070,1022
4071,0
4072,0
4073,0
4074,0
4075,0
4076,0
4077,0
4078,0
4079,0
4080,0
4081,168
4082,298
4083,687
4084,1023
4085,1023
4086,1023
4087,1022
4088,1022
4089,1022
4090,1022
4091,0
4092,0
4093,0
4094,0
4095,0
4096,0
4097,0
4098,0
4099,0
4100,0
4101,166
4102,290
4103,679
4104,1022
4105,1023
4106,1023
4107,1022
4108,1022
4109,1022
4110,1022
4111,0
4112,0
4113,0
4114,0
4115,0
4116,0
4117,0
4118,0
4119,0
4120,0
4121,167
4122,296
4123,679
4124,1022
4125,1022
4126,1022
4127,1022
4128,1022
4129,1022
4130,1022
4131,0
4132,0
4133,0
4134,0
4135,0
4136,0
4137,0
4138,0
4139,0
4140,0
4141,163
4142,289
4143,673
4144,1022
4145,1023
4146,1022
4147,1023
4148,1022
4149,1022
4150,1022
4151,0
4152,0
4153,0
4154,0
4155,0
4156,0
4157,0
4158,0
4159,0
4160,0
4161,165
4162,290
4163,673
4164,1022
4165,1023
4166,1023
4167,1023
4168,1022
4169,1022
4170,1022
4171,0
4172,0
4173,0
4174,0
4175,0
4176,0
4177,0
4178,0
4179,0
4180,0
4181,167
4182,288
4183,655
4184,1022
4185,1022
4186,1022
4187,1022
4188,1022
4189,1022
4190,1022
4191,0
4192,0
4193,0
4194,0
4195,0
4196,0
4197,0
4198,0
4199,0
4200,0
4201,164
4202,288
4203,657
4204,1022
4205,1023
4206,1023
4207,1023
4208,1023
4209,1022
4210,1022
4211,0
4212,0
4213,0
4214,0
4215,0
4216,0
4217,0
4218,0
4219,0
4220,0
4221,174
4222,294
4223,655
4224,1022
4225,1023
4226,1022
4227,1022
4228,1023
4229,1022
4230,1022
4231,0
4232,0
4233,0
4234,0
4235,0
4236,0
4237,0
4238,0
4239,0
4240,0
4241,167
4242,291
4243,652
4244,1022
4245,1022
4246,1023
4247,1022
4248,1022
4249,1022
4250,1022
4251,0
4252,0
4253,0
4254,0
4255,0
4256,0
4257,0
4258,0
4259,0
4260,0
4261,168
4262,293
4263,646
4264,1022
4265,1022
4266,1022
4267,1023
4268,1022
4269,1022
4270,1022
4271,0
4272,0
4273,0
4274,0
4275,0
4276,0
4277,0
4278,0
4279,0
4280,0
4281,156
4282,282
4283,634
4284,1022
4285,1023
4286,1022
4287,1022
4288,1022
4289,1022
4290,1022
4291,0
4292,0
4293,0
4294,0
4295,0
4296,0
4297,0
4298,0
4299,0
4300,0
4301,161
4302,291
4303,640
4304,1023
4305,1022
4306,1023
4307,1022
4308,1022
4309,1023
4310,1022
4311,0
4312,0
4313,0
4314,0
4315,0
4316,0
4317,0
4318,0
4319,0
4320,0
4321,159
4322,288
4323,634
4324,1022
4325,1023
4326,1023
4327,1022
4328,1022
4329,1023
4330,1022
4331,0
4332,0
4333,0
4334,0
4335,0
4336,0
4337,0
4338,0
4339,0
4340,0
4341,156
4342,291
4343,637
4344,1022
4345,1022
4346,1022
4347,1023
4348,1022
4349,1022
4350,1022
4351,0
4352,0
4353,0
4354,0
4355,0
4356,0
4357,0
4358,0
4359,0
4360,0
4361,161
4362,286
4363,635
4364,1022
4365,1023
4366,1023
4367,1023
4368,1023
4369,1022
4370,1022
4371,0
4372,0
4373,0
4374,0
4375,0
4376,0
4377,0
4378,0
4379,0
4380,0
4381,158
4382,286
4383,633
4384,1022
4385,1023
4386,1022
4387,1023
4388,1022
4389,1022
4390,1022
4391,0
4392,0
4393,0
4394,0
4395,0
4396,0
4397,0
4398,0
4399,0
4400,0
4401,163
4402,288
4403,625
4404,1022
4405,1023
4406,1023
4407,1022
4408,1022
4409,1022
4410,1022
4411,0
4412,0
4413,0
4414,0
4415,0
4416,0
4417,0
4418,0
4419,0
4420,0
4421,153
4422,284
4423,627
4424,1022
4425,1023
4426,1023
4427,1023
4428,1022
4429,1022
4430,1022
4431,0
4432,0
4433,0
4434,0
4435,0
4436,0
4437,0
4438,0
4439,0
4440,0
4441,165
4442,288
4443,620
4444,1022
4445,1023
4446,1022
4447,1023
4448,1022
4449,1022
4450,1022
4451,0
4452,0
4453,0
4454,0
4455,0
4456,0
4457,0
4458,0
4459,0
4460,0
4461,158
4462,284
4463,614
4464,1022
4465,1023
4466,1023
4467,1022
4468,1022
4469,1023
4470,1023
4471,0
4472,0
4473,0
4474,0
4475,0
4476,0
4477,0
4478,0
4479,0
4480,0
4481,167
4482,292
4483,615
4484,1022
4485,1023
4486,1023
4487,1022
4488,1022
4489,1022
4490,1023
4491,0
4492,0
4493,0
4494,0
4495,0
4496,0
4497,0
4498,0
4499,0
4500,0
4501,162
4502,290
4503,612
4504,1022
4505,1022
4506,1022
4507,1023
4508,1023
4509,1022
4510,1023
4511,0
4512,0
4513,0
4514,0
4515,0
4516,0
4517,0
4518,0
4519,0
4520,0
4521,157
4522,291
4523,609
4524,1022
4525,1022
4526,1022
4527,1023
4528,1022
4529,1022
4530,1022
4531,0
4532,0
4533,0
4534,0
4535,0
4536,0
4537,0
4538,0
4539,0
4540,0
4541,153
4542,283
4543,605
4544,1022
4545,1022
4546,1023
4547,1022
4548,1022
4549,1022
4550,1022
4551,0
4552,0
4553,0
4554,0
4555,0
4556,0
4557,0
4558,0
4559,0
4560,0
4561,157
4562,292
4563,610
4564,1022
4565,1023
4566,1022
4567,1023
4568,1023
4569,1022
4570,1022
4571,0
4572,0
4573,0
4574,0
4575,0
4576,0
4577,0
4578,0
4579,0
4580,0
4581,157
4582,290
4583,611
4584,1023
4585,1023
4586,1022
4587,1023
4588,1022
4589,1022
4590,1022
4591,0
4592,0
4593,0
4594,0
4595,0
4596,0
4597,0
4598,0
4599,0
4600,0
4601,152
4602,289
4603,606
4604,1023
4605,1022
4606,1023
4607,1023
4608,1023
4609,1023
4610,1022
4611,0
4612,0
4613,0
4614,0
4615,0
4616,0
4617,0
4618,0
4619,0
4620,0
4621,153
4622,284
4623,595
4624,1022
4625,1022
4626,1022
4627,1023
4628,1022
4629,1022
4630,1022
4631,0
4632,0
4633,0
4634,0
4635,0
4636,0
4637,0
4638,0
4639,0
4640,0
4641,153
4642,286
4643,604
4644,1022
4645,1023
4646,1022
4647,1022
4648,1022
4649,1022
4650,1022
4651,0
4652,0
4653,0
4654,0
4655,0
4656,0
4657,0
4658,0
4659,0
4660,0
4661,152
4662,278
4663,585
4664,1022
4665,1023
4666,1022
4667,1022
4668,1022
4669,1023
4670,1023
4671,0
4672,0
4673,0
4674,0
4675,0
4676,0
4677,0
4678,0
4679,0
4680,0
4681,156
4682,285
4683,591
4684,1022
4685,1022
4686,1023
4687,1022
4688,1023
4689,1022
4690,1022
4691,0
4692,0
4693,0
4694,0
4695,0
4696,0
4697,0
4698,0
4699,0
4700,0
4701,161
4702,286
4703,587
4704,1022
4705,1022
4706,1023
4707,1023
4708,1022
4709,1022
4710,1023
4711,0
4712,0
4713,0
4714,0
4715,0
4716,0
4717,0
4718,0
4719,0
4720,0
4721,154
4722,286
4723,587
4724,1023
4725,1023
4726,1023
4727,1022
4728,1022
4729,1022
4730,1022
4731,0
4732,0
4733,0
4734,0
4735,0
4736,0
4737,0
4738,0
4739,0
4740,0
4741,157
4742,289
4743,582
4744,1022
4745,1023
4746,1022
4747,1022
4748,1022
4749,1023
4750,1023
4751,0
4752,0
4753,0
4754,0
4755,0
4756,0
4757,0
4758,0
4759,0
4760,0
4761,147
4762,278
4763,575
4764,1022
4765,1022
4766,1022
4767,1022
4768,1022
4769,1022
4770,1022
4771,0
4772,0
4773,0
4774,0
4775,0
4776,0
4777,0
4778,0
4779,0
4780,0
4781,147
4782,280
4783,573
4784,1022
4785,1022
4786,1022
4787,1022
4788,1022
4789,1023
4790,1023
4791,0
4792,0
4793,0
4794,0
4795,0
4796,0
4797,0
4798,0
4799,0
4800,0
4801,155
4802,286
4803,576
4804,1022
4805,1023
4806,1022
4807,1023
4808,1022
4809,1022
4810,1022
4811,0
4812,0
4813,0
4814,0
4815,0
4816,0
4817,0
4818,0
4819,0
4820,0
4821,144
4822,280
4823,571
4824,1023
4825,1022
4826,1022
4827,1023
4828,1023
4829,1022
4830,1023
4831,0
4832,0
4833,0
4834,0
4835,0
4836,0
4837,0
4838,0
4839,0
4840,0
4841,150
4842,281
4843,570
4844,1023
4845,1022
4846,1023
4847,1022
4848,1023
4849,1022
4850,1022
4851,0
4852,0
4853,0
4854,0
4855,0
4856,0
4857,0
4858,0
4859,0
4860,0
4861,144
4862,275
4863,570
4864,1022
4865,1022
4866,1022
4867,1023
4868,1022
4869,1022
4870,1022
4871,0
4872,0
4873,0
4874,0
4875,0
4876,0
4877,0
4878,0
4879,0
4880,0
4881,152
4882,280
4883,564
4884,1022
4885,1023
4886,1022
4887,1022
4888,1022
4889,1022
4890,1023
4891,0
4892,0
4893,0
4894,0
4895,0
4896,0
4897,0
4898,0
4899,0
4900,0
4901,153
4902,286
4903,572
4904,1022
4905,1023
4906,1023
4907,1022
4908,1023
4909,1022
4910,1023
4911,0
4912,0
4913,0
4914,0
4915,0
4916,0
4917,0
4918,0
4919,0
4920,0
4921,149
4922,275
4923,558
4924,1022
4925,1023
4926,1022
4927,1022
4928,1023
4929,1022
4930,1023
4931,0
4932,0
4933,0
4934,0
4935,0
4936,0
4937,0
4938,0
4939,0
4940,0
4941,147
4942,280
4943,558
4944,1022
4945,1022
4946,1022
4947,1022
4948,1023
4949,1022
4950,1023
4951,0
4952,0
4953,0
4954,0
4955,0
4956,0
4957,0
4958,0
4959,0
4960,0
4961,152
4962,284
4963,565
4964,1022
4965,1023
4966,1023
4967,1023
4968,1022
4969,1022
4970,1023
4971,0
4972,0
4973,0
4974,0
4975,0
4976,0
4977,0
4978,0
4979,0
4980,0
4981,148
4982,283
4983,568
4984,1022
4985,1023
4986,1022
4987,1022
4988,1022
4989,1022
4990,1022
4991,0
4992,0
4993,0
4994,0
4995,0
4996,0
4997,0
4998,0
4999,0
5000,0
5001,153
5002,288
5003,559
5004,1022
5005,1022
5006,1023
5007,1022
5008,1023
5009,1022
5010,1022
5011,0
5012,0
5013,0
5014,0
5015,0
5016,0
5017,0
5018,0
5019,0
5020,0
5021,151
5022,285
5023,562
5024,1022
5025,1022
5026,1022
5027,1022
5028,1023
5029,1022
5030,1023
5031,0
5032,0
5033,0
5034,0
5035,0
5036,0
5037,0
5038,0
5039,0
5040,0
5041,146
5042,285
5043,561
5044,1023
5045,1023
5046,1023
5047,1022
5048,1022
5049,1022
5050,1023
5051,0
5052,0
5053,0
5054,0
5055,0
5056,0
5057,0
5058,0
5059,0
5060,0
5061,148
5062,281
5063,553
5064,1023
5065,1023
5066,1023
5067,1022
5068,1023
5069,1022
5070,1023
5071,0
5072,0
5073,0
5074,0
5075,0
5076,0
5077,0
5078,0
5079,0
5080,0
5081,148
5082,284
5083,558
5084,1022
5085,1023
5086,1022
5087,1023
5088,1022
5089,1022
5090,1022
5091,0
5092,0
5093,0
5094,0
5095,0
5096,0
5097,0
5098,0
5099,0
5100,0
5101,146
5102,279
5103,546
5104,1022
5105,1023
5106,1022
5107,1022
5108,1022
5109,1022
5110,1023
5111,0
5112,0
5113,0
5114,0
5115,0
5116,0
5117,0
5118,0
5119,0
5120,0
5121,140
5122,275
5123,544
5124,1022
5125,1023
5126,1022
5127,1022
5128,1022
5129,1023
5130,1023
5131,0
5132,0
5133,0
5134,0
5135,0
5136,0
5137,0
5138,0
5139,0
5140,0
5141,143
5142,272
5143,542
5144,1022
5145,1023
5146,1022
5147,1022
5148,1023
5149,1022
5150,1023
5151,0
5152,0
5153,0
5154,0
5155,0
5156,0
5157,0
5158,0
5159,0
5160,0
5161,142
5162,274
5163,536
5164,1022
5165,1023
5166,1023
5167,1022
5168,1023
5169,1022
5170,1023
5171,0
5172,0
5173,0
5174,0
5175,0
5176,0
5177,0
5178,0
5179,0
5180,0
5181,149
5182,276
5183,534
5184,1022
5185,1022
5186,1022
5187,1023
5188,1023
5189,1022
5190,1023
5191,0
5192,0
5193,0
5194,0
5195,0
5196,0
5197,0
5198,0
5199,0
5200,0
5201,131
5202,265
5203,523
5204,1022
5205,1022
5206,1022
5207,1023
5208,1022
5209,1022
5210,1022
5211,0
5212,0
5213,0
5214,0
5215,0
5216,0
5217,0
5218,0
5219,0
5220,0
5221,129
5222,264
5223,515
5224,1022
5225,1023
5226,1022
5227,1022
5228,1023
5229,1022
5230,1022
5231,0
5232,0
5233,0
5234,0
5235,0
5236,0
5237,0
5238,0
5239,0
5240,0
5241,119
5242,256
5243,516
5244,1022
5245,1023
5246,1022
5247,1023
5248,1023
5249,1022
5250,1023
5251,0
5252,0
5253,0
5254,0
5255,0
5256,0
5257,0
5258,0
5259,0
5260,0
5261,144
5262,288
5263,546
5264,1022
5265,1022
5266,1023
5267,1023
5268,1022
5269,1022
5270,1023
5271,0
5272,0
5273,0
5274,0
5275,0
5276,0
5277,0
5278,0
5279,0
5280,0
5281,152
5282,288
5283,545
5284,1022
5285,1023
5286,1023
5287,1023
5288,1022
5289,1022
5290,1023
5291,0
5292,0
5293,0
5294,0
5295,0
5296,0
5297,0
5298,0
5299,0
5300,0
5301,153
5302,295
5303,550
5304,1022
5305,1023
5306,1023
5307,1022
5308,1022
5309,1022
5310,1023
5311,0
5312,0
5313,0
5314,0
5315,0
5316,0
5317,0
5318,0
5319,0
5320,0
5321,155
5322,290
5323,543
5324,1022
5325,1022
5326,1022
5327,1022
5328,1022
5329,1022
5330,1023
5331,0
5332,0
5333,0
5334,0
5335,0
5336,0
5337,0
5338,0
5339,0
5340,0
5341,158
5342,295
5343,551
5344,1023
5345,1023
5346,1023
5347,1022
5348,1023
5349,1022
5350,1023
5351,7
5352,0
5353,0
5354,0
5355,0
5356,0
5357,0
5358,0
5359,0
5360,0
5361,175
5362,307
5363,559
5364,1022
5365,1023
5366,1023
5367,1023
5368,1022
5369,1023
5370,1022
5371,6
5372,0
5373,0
5374,0
5375,0
5376,0
5377,0
5378,0
5379,0
5380,0
5381,176
5382,312
5383,560
5384,1022
5385,1023
5386,1022
5387,1023
5388,1023
5389,1022
5390,1023
5391,11
5392,0
5393,0
5394,0
5395,0
5396,0
5397,0
5398,0
5399,0
5400,0
5401,173
5402,305
5403,549
5404,1022
5405,1023
5406,1023
5407,1022
5408,1023
5409,1022
5410,1023
5411,3
5412,0
5413,0
5414,0
5415,0
5416,0
5417,0
5418,0
5419,0
5420,0
5421,148
5422,284
5423,527
5424,1022
5425,1023
5426,1022
5427,1022
5428,1022
5429,1022
5430,1023
5431,1
5432,0
5433,0
5434,0
5435,0
5436,0
5437,0
5438,0
5439,0
5440,0
5441,129
5442,271
5443,511
5444,1022
5445,1023
5446,1022
5447,1023
5448,1022
5449,1022
5450,1023
5451,0
5452,0
5453,0
5454,0
5455,0
5456,0
5457,0
5458,0
5459,0
5460,0
5461,128
5462,266
5463,512
5464,1022
5465,1023
5466,1022
5467,1022
5468,1023
5469,1022
5470,1023
5471,1
5472,0
5473,0
5474,0
5475,0
5476,0
5477,0
5478,0
5479,0
5480,0
5481,140
5482,277
5483,515
5484,1022
5485,1023
5486,1023
5487,1022
5488,1023
5489,1022
5490,1023
5491,5
5492,0
5493,0
5494,0
5495,0
5496,0
5497,0
5498,0
5499,0
5500,0
5501,125
5502,263
5503,501
5504,1022
5505,1023
5506,1022
5507,1023
5508,1022
5509,1023
5510,1023
5511,1
5512,0
5513,0
5514,0
5515,0
5516,0
5517,0
5518,0
5519,0
5520,0
5521,121
5522,263
5523,505
5524,1022
5525,1023
5526,1022
5527,1023
5528,1023
5529,1022
5530,1023
5531,8
5532,0
5533,0
5534,0
5535,0
5536,0
5537,0
5538,0
5539,0
5540,0
5541,124
5542,261
5543,499
5544,1022
5545,1023
5546,1022
5547,1023
5548,1023
5549,1022
5550,1022
5551,4
5552,0
5553,0
5554,0
5555,0
5556,0
5557,0
5558,0
5559,0
5560,0
5561,126
5562,264
5563,503
5564,1022
5565,1023
5566,1022
5567,1022
5568,1023
5569,1022
5570,1023
5571,7
5572,0
5573,0
5574,0
5575,0
5576,0
5577,0
5578,0
5579,0
5580,0
5581,126
5582,261
5583,494
5584,1022
5585,1023
5586,1022
5587,1022
5588,1023
5589,1022
5590,1023
5591,4
5592,0
5593,0
5594,0
5595,0
5596,0
5597,0
5598,0
5599,0
5600,0
5601,130
5602,267
5603,501
5604,1022
5605,1023
5606,1023
5607,1022
5608,1022
5609,1023
5610,1023
5611,20
5612,0
5613,0
5614,0
5615,0
5616,0
5617,0
5618,0
5619,0
5620,0
5621,134
5622,266
5623,494
5624,1022
5625,1023
5626,1022
5627,1022
5628,1022
5629,1022
5630,1023
5631,24
5632,0
5633,0
5634,0
5635,0
5636,0
5637,0
5638,0
5639,0
5640,0
5641,125
5642,260
5643,491
5644,1022
5645,1023
5646,1022
5647,1022
5648,1023
5649,1022
5650,1023
5651,15
5652,0
5653,0
5654,0
5655,0
5656,0
5657,0
5658,0
5659,0
5660,0
5661,129
5662,260
5663,481
5664,1022
5665,1023
5666,1022
5667,1022
5668,1022
5669,1022
5670,1023
5671,19
5672,0
5673,0
5674,0
5675,0
5676,0
5677,0
5678,0
5679,0
5680,0
5681,110
5682,248
5683,475
5684,1022
5685,1023
5686,1022
5687,1023
5688,1023
5689,1022
5690,1023
5691,23
5692,0
5693,0
5694,0
5695,0
5696,0
5697,0
5698,0
5699,0
5700,0
5701,116
5702,254
5703,476
5704,1022
5705,1023
5706,1022
5707,1023
5708,1023
5709,1022
5710,1023
5711,25
5712,0
5713,0
5714,0
5715,0
5716,0
5717,0
5718,0
5719,0
5720,0
5721,107
5722,246
5723,470
5724,1022
5725,1022
5726,1023
5727,1022
5728,1022
5729,1022
5730,1023
5731,28
5732,0
5733,0
5734,0
5735,0
5736,0
5737,0
5738,0
5739,0
5740,0
5741,115
5742,258
5743,482
5744,1022
5745,1023
5746,1023
5747,1023
5748,1023
5749,1022
5750,1023
5751,40
5752,0
5753,0
5754,0
5755,0
5756,0
5757,0
5758,0
5759,0
5760,0
5761,116
5762,253
5763,477
5764,1022
5765,1023
5766,1023
5767,1023
5768,1023
5769,1022
5770,1023
5771,43
5772,0
5773,0
5774,0
5775,0
5776,0
5777,0
5778,0
5779,0
5780,0
5781,121
5782,266
5783,487
5784,1022
5785,1023
5786,1022
5787,1022
5788,1023
5789,1023
5790,1022
5791,54
5792,0
5793,0
5794,0
5795,0
5796,0
5797,0
5798,0
5799,0
5800,0
5801,134
5802,273
5803,489
5804,1022
5805,1023
5806,1022
5807,1023
5808,1022
5809,1022
5810,1023
5811,56
5812,0
5813,0
5814,0
5815,0
5816,0
5817,0
5818,0
5819,0
5820,0
5821,135
5822,276
5823,497
5824,1022
5825,1023
5826,1022
5827,1022
5828,1023
5829,1022
5830,1023
5831,73
5832,0
5833,0
5834,0
5835,0
5836,0
5837,0
5838,0
5839,0
5840,0
5841,147
5842,281
5843,494
5844,1022
5845,1023
5846,1023
5847,1023
5848,1023
5849,1022
5850,1023
5851,73
5852,0
5853,0
5854,0
5855,0
5856,0
5857,0
5858,0
5859,0
5860,0
5861,143
5862,281
5863,497
5864,1023
5865,1023
5866,1023
5867,1022
5868,1023
5869,1022
5870,1023
5871,72
5872,0
5873,0
5874,0
5875,0
5876,0
5877,0
5878,0
5879,0
5880,0
5881,141
5882,274
5883,484
5884,1023
5885,1023
5886,1023
5887,1023
5888,1023
5889,1022
5890,1022
5891,73
5892,0
5893,0
5894,0
5895,0
5896,0
5897,0
5898,0
5899,0
5900,0
5901,130
5902,274
5903,483
5904,1022
5905,1023
5906,1022
5907,1022
5908,1023
5909,1022
5910,1023
5911,79
5912,0
5913,0
5914,0
5915,0
5916,0
5917,0
5918,0
5919,0
5920,0
5921,142
5922,283
5923,486
5924,1022
5925,1023
5926,1023
5927,1023
5928,1023
5929,1022
5930,1023
5931,83
5932,0
5933,0
5934,0
5935,0
5936,0
5937,0
5938,0
5939,0
5940,0
5941,128
5942,268
5943,472
5944,1022
5945,1023
5946,1022
5947,1023
5948,1023
5949,1022
5950,1023
5951,77
5952,0
5953,0
5954,0
5955,0
5956,0
5957,0
5958,0
5959,0
5960,0
5961,127
5962,270
5963,474
5964,1022
5965,1023
5966,1022
5967,1022
5968,1023
5969,1022
5970,1023
5971,90
5972,0
5973,0
5974,0
5975,0
5976,0
5977,0
5978,0
5979,0
5980,0
5981,124
5982,263
5983,467
5984,1022
5985,1023
5986,1023
5987,1022
5988,1022
5989,1022
5990,1023
5991,83
5992,0
5993,0
5994,0
5995,0
5996,0
5997,0
5998,0
5999,0
6000,0
6001,137
6002,287
6003,491
6004,1023
6005,1023
6006,1023
6007,1023
6008,1023
6009,1022
6010,1023
6011,86
6012,0
6013,0
6014,0
6015,0
6016,0
6017,0
6018,0
6019,0
6020,0
6021,115
6022,256
6023,461
6024,1022
6025,1023
6026,1022
6027,1022
6028,1022
6029,1022
6030,1023
6031,87
6032,0
6033,0
6034,0
6035,0
6036,0
6037,0
6038,0
6039,0
6040,0
6041,124
6042,267
6043,472
6044,1022
6045,1023
6046,1022
6047,1023
6048,1023
6049,1022
6050,1023
6051,101
6052,0
6053,0
6054,0
6055,0
6056,0
6057,0
6058,0
6059,0
6060,0
6061,127
6062,266
6063,460
6064,1022
6065,1023
6066,1022
6067,1022
6068,1022
6069,1023
6070,1023
6071,107
6072,0
6073,0
6074,0
6075,0
6076,0
6077,0
6078,0
6079,0
6080,0
6081,134
6082,275
6083,476
6084,1022
6085,1023
6086,1022
6087,1023
6088,1023
6089,1022
6090,1023
6091,113
6092,0
6093,0
6094,0
6095,0
6096,0
6097,0
6098,0
6099,0
6100,0
6101,144
6102,280
6103,470
6104,1022
6105,1023
6106,1022
6107,1023
6108,1023
6109,1022
6110,1023
6111,117
6112,0
6113,0
6114,0
6115,0
6116,0
6117,0
6118,0
6119,0
6120,0
6121,134
6122,278
6123,472
6124,1022
6125,1023
6126,1023
6127,1022
6128,1022
6129,1022
6130,1023
6131,128
6132,0
6133,0
6134,0
6135,0
6136,0
6137,0
6138,0
6139,0
6140,0
6141,150
6142,289
6143,479
6144,1022
6145,1022
6146,1022
6147,1022
6148,1023
6149,1022
6150,1023
6151,133
6152,0
6153,0
6154,0
6155,0
6156,0
6157,0
6158,0
6159,0
6160,0
6161,142
6162,281
6163,471
6164,1022
6165,1023
6166,1022
6167,1022
6168,1023
6169,1022
6170,1022
6171,134
6172,0
6173,0
6174,0
6175,0
6176,0
6177,0
6178,0
6179,0
6180,0
6181,143
6182,287
6183,469
6184,1022
6185,1023
6186,1022
6187,1023
6188,1023
6189,1022
6190,1023
6191,142
6192,0
6193,0
6194,0
6195,0
6196,0
6197,0
6198,0
6199,0
6200,0
6201,133
6202,277
6203,462
6204,1022
6205,1022
6206,1023
6207,1023
6208,1023
6209,1023
6210,1023
6211,131
6212,0
6213,0
6214,0
6215,0
6216,0
6217,0
6218,0
6219,0
6220,0
6221,127
6222,279
6223,466
6224,1022
6225,1023
6226,1022
6227,1023
6228,1023
6229,1022
6230,1023
6231,139
6232,0
6233,0
6234,0
6235,0
6236,0
6237,0
6238,0
6239,0
6240,0
6241,118
6242,262
6243,448
6244,1022
6245,1023
6246,1023
6247,1022
6248,1023
6249,1022
6250,1022
6251,136
6252,0
6253,0
6254,0
6255,0
6256,0
6257,0
6258,0
6259,0
6260,0
6261,116
6262,262
6263,448
6264,1022
6265,1023
6266,1022
6267,1022
6268,1023
6269,1022
6270,1023
6271,138
6272,0
6273,0
6274,0
6275,0
6276,0
6277,0
6278,0
6279,0
6280,0
6281,95
6282,244
6283,426
6284,1022
6285,1023
6286,1023
6287,1023
6288,1023
6289,1022
6290,1023
6291,137
6292,0
6293,0
6294,0
6295,0
6296,0
6297,0
6298,0
6299,0
6300,0
6301,127
6302,270
6303,449
6304,1022
6305,1023
6306,1022
6307,1022
6308,1022
6309,1022
6310,1023
6311,142
6312,0
6313,0
6314,0
6315,0
6316,0
6317,0
6318,0
6319,0
6320,0
6321,127
6322,268
6323,445
6324,1022
6325,1023
6326,1023
6327,1023
6328,1023
6329,1022
6330,1022
6331,141
6332,0
6333,0
6334,0
6335,0
6336,0
6337,0
6338,0
6339,0
6340,0
6341,124
6342,265
6343,440
6344,1022
6345,1023
6346,1022
6347,1022
6348,1023
6349,1022
6350,1023
6351,156
6352,0
6353,0
6354,0
6355,0
6356,0
6357,0
6358,0
6359,0
6360,0
6361,132
6362,273
6363,445
6364,1022
6365,1023
6366,1023
6367,1022
6368,1023
6369,1022
6370,1023
6371,154
6372,0
6373,0
6374,0
6375,0
6376,0
6377,0
6378,0
6379,0
6380,0
6381,123
6382,267
6383,435
6384,1022
6385,1023
6386,1023
6387,1023
6388,1023
6389,1022
6390,1023
6391,158
6392,0
6393,0
6394,0
6395,0
6396,0
6397,0
6398,0
6399,0
6400,0
6401,118
6402,264
6403,433
6404,1022
6405,1023
6406,1022
6407,1023
6408,1023
6409,1022
6410,1023
6411,165
6412,0
6413,0
6414,0
6415,0
6416,0
6417,0
6418,0
6419,0
6420,0
6421,120
6422,263
6423,433
6424,1022
6425,1023
6426,1023
6427,1023
6428,1023
6429,1022
6430,1023
6431,167
6432,0
6433,0
6434,0
6435,0
6436,0
6437,0
6438,0
6439,0
6440,0
6441,119
6442,264
6443,431
6444,1022
6445,1023
6446,1022
6447,1022
6448,1023
6449,1022
6450,1023
6451,174
6452,0
6453,0
6454,0
6455,0
6456,0
6457,0
6458,0
6459,0
6460,0
6461,105
6462,255
6463,422
6464,1022
6465,1023
6466,1022
6467,1022
6468,1023
6469,1022
6470,1023
6471,179
6472,0
6473,0
6474,0
6475,0
6476,0
6477,0
6478,0
6479,0
6480,0
6481,114
6482,262
6483,427
6484,1023
6485,1023
6486,1023
6487,1023
6488,1023
6489,1022
6490,1023
6491,184
6492,0
6493,0
6494,0
6495,0
6496,0
6497,0
6498,0
6499,0
6500,0
6501,117
6502,263
6503,425
6504,1022
6505,1023
6506,1022
6507,1023
6508,1023
6509,1022
6510,1023
6511,188
6512,0
6513,0
6514,0
6515,0
6516,0
6517,0
6518,0
6519,0
6520,0
6521,115
6522,261
6523,425
6524,1022
6525,1023
6526,1023
6527,1022
6528,1023
6529,1022
6530,1023
6531,198
6532,0
6533,0
6534,0
6535,0
6536,0
6537,0
6538,0
6539,0
6540,0
6541,116
6542,263
6543,423
6544,1022
6545,1023
6546,1022
6547,1023
6548,1023
6549,1022
6550,1023
6551,201
6552,0
6553,0
6554,0
6555,0
6556,0
6557,0
6558,0
6559,0
6560,0
6561,114
6562,260
6563,419
6564,1022
6565,1022
6566,1023
6567,1023
6568,1022
6569,1022
6570,1023
6571,203
6572,0
6573,0
6574,0
6575,0
6576,0
6577,0
6578,0
6579,0
6580,0
6581,119
6582,264
6583,420
6584,1022
6585,1022
6586,1022
6587,1022
6588,1022
6589,1023
6590,1023
6591,211
6592,0
6593,0
6594,0
6595,0
6596,0
6597,0
6598,0
6599,0
6600,0
6601,117
6602,265
6603,417
6604,1022
6605,1023
6606,1023
6607,1022
6608,1022
6609,1022
6610,1023
6611,221
6612,0
6613,0
6614,0
6615,0
6616,0
6617,0
6618,0
6619,0
6620,0
6621,112
6622,263
6623,417
6624,1022
6625,1023
6626,1022
6627,1022
6628,1023
6629,1022
6630,1023
6631,229
6632,0
6633,0
6634,0
6635,0
6636,0
6637,0
6638,0
6639,0
6640,0
6641,114
6642,264
6643,418
6644,1022
6645,1023
6646,1022
6647,1022
6648,1023
6649,1022
6650,1023
6651,228
6652,0
6653,0
6654,0
6655,0
6656,0
6657,0
6658,0
6659,0
6660,0
6661,115
6662,267
6663,417
6664,1022
6665,1022
6666,1022
6667,1022
6668,1022
6669,1022
6670,1023
6671,232
6672,0
6673,0
6674,0
6675,0
6676,0
6677,0
6678,0
6679,0
6680,0
6681,112
6682,264
6683,414
6684,1022
6685,1023
6686,1023
6687,1022
6688,1023
6689,1022
6690,1023
6691,243
6692,0
6693,0
6694,0
6695,0
6696,0
6697,0
6698,0
6699,0
6700,0
6701,115
6702,268
6703,415
6704,1022
6705,1023
6706,1022
6707,1023
6708,1023
6709,1022
6710,1023
6711,247
6712,0
6713,0
6714,0
6715,0
6716,0
6717,0
6718,0
6719,0
6720,0
6721,113
6722,263
6723,410
6724,1022
6725,1023
6726,1022
6727,1023
6728,1023
6729,1022
6730,1023
6731,252
6732,0
6733,0
6734,0
6735,0
6736,0
6737,0
6738,0
6739,0
6740,0
6741,111
6742,259
6743,405
6744,1022
6745,1023
6746,1022
6747,1023
6748,1023
6749,1022
6750,1023
6751,262
6752,0
6753,0
6754,0
6755,0
6756,0
6757,0
6758,0
6759,0
6760,0
6761,112
6762,258
6763,403
6764,1022
6765,1023
6766,1023
6767,1023
6768,1023
6769,1022
6770,1023
6771,262
6772,0
6773,0
6774,0
6775,0
6776,0
6777,0
6778,0
6779,0
6780,0
6781,112
6782,263
6783,401
6784,1022
6785,1023
6786,1022
6787,1023
6788,1023
6789,1022
6790,1023
6791,272
6792,0
6793,0
6794,0
6795,0
6796,0
6797,0
6798,0
6799,0
6800,0
6801,114
6802,263
6803,406
6804,1022
6805,1022
6806,1022
6807,1023
6808,1023
6809,1022
6810,1023
6811,278
6812,0
6813,0
6814,0
6815,0
6816,0
6817,0
6818,0
6819,0
6820,0
6821,109
6822,258
6823,396
6824,1022
6825,1023
6826,1022
6827,1022
6828,1022
6829,1022
6830,1023
6831,286
6832,0
6833,0
6834,0
6835,0
6836,0
6837,0
6838,0
6839,0
6840,0
6841,112
6842,263
6843,400
6844,1022
6845,1023
6846,1022
6847,1023
6848,1023
6849,1022
6850,1023
6851,292
6852,0
6853,0
6854,0
6855,0
6856,0
6857,0
6858,0
6859,0
6860,0
6861,111
6862,261
6863,398
6864,1022
6865,1023
6866,1022
6867,1022
6868,1023
6869,1022
6870,1023
6871,298
6872,0
6873,0
6874,0
6875,0
6876,0
6877,0
6878,0
6879,0
6880,0
6881,105
6882,259
6883,393
6884,1023
6885,1023
6886,1022
6887,1022
6888,1023
6889,1022
6890,1023
6891,303
6892,0
6893,0
6894,0
6895,0
6896,0
6897,0
6898,0
6899,0
6900,0
6901,102
6902,255
6903,390
6904,1022
6905,1023
6906,1023
6907,1022
6908,1023
6909,1022
6910,1023
6911,311
6912,0
6913,0
6914,0
6915,0
6916,0
6917,0
6918,0
6919,0
6920,0
6921,104
6922,256
6923,392
6924,1022
6925,1023
6926,1023
6927,1022
6928,1023
6929,1022
6930,1023
6931,312
6932,0
6933,0
6934,0
6935,0
6936,0
6937,0
6938,0
6939,0
6940,0
6941,103
6942,251
6943,384
6944,1022
6945,1023
6946,1023
6947,1023
6948,1023
6949,1022
6950,1023
6951,321
6952,0
6953,0
6954,0
6955,0
6956,0
6957,0
6958,0
6959,0
6960,0
6961,99
6962,252
6963,380
6964,1022
6965,1023
6966,1022
6967,1022
6968,1022
6969,1022
6970,1023
6971,327
6972,0
6973,0
6974,0
6975,0
6976,0
6977,0
6978,0
6979,0
6980,0
6981,103
6982,255
6983,386
6984,1022
6985,1023
6986,1022
6987,1023
6988,1023
6989,1022
6990,1023
6991,335
6992,0
6993,0
6994,0
6995,0
6996,0
6997,0
6998,0
6999,0
7000,0
7001,101
7002,256
7003,384
7004,1022
7005,1023
7006,1023
7007,1023
7008,1023
7009,1022
7010,1023
7011,345
7012,0
7013,0
7014,0
7015,0
7016,0
7017,0
7018,0
7019,0
7020,0
7021,103
7022,256
7023,387
7024,1022
7025,1023
7026,1022
7027,1023
7028,1022
7029,1022
7030,1022
7031,349
7032,0
7033,0
7034,0
7035,0
7036,0
7037,0
7038,0
7039,0
7040,0
7041,91
7042,251
7043,385
7044,1022
7045,1023
7046,1022
7047,1023
7048,1022
7049,1022
7050,1023
7051,344
7052,0
7053,0
7054,0
7055,0
7056,0
7057,0
7058,0
7059,0
7060,0
7061,86
7062,243
7063,371
7064,1022
7065,1023
7066,1022
7067,1022
7068,1022
7069,1022
7070,1022
7071,363
7072,0
7073,0
7074,0
7075,0
7076,0
7077,0
7078,0
7079,0
7080,0
7081,94
7082,250
7083,377
7084,1022
7085,1023
7086,1022
7087,1022
7088,1023
7089,1022
7090,1023
7091,371
7092,0
7093,0
7094,0
7095,0
7096,0
7097,0
7098,0
7099,0
7100,0
7101,94
7102,251
7103,377
7104,1022
7105,1023
7106,1023
7107,1023
7108,1023
7109,1022
7110,1023
7111,380
7112,0
7113,0
7114,0
7115,0
7116,0
7117,0
7118,0
7119,0
7120,0
7121,93
7122,249
7123,374
7124,1022
7125,1023
7126,1023
7127,1023
7128,1023
7129,1022
7130,1023
7131,387
7132,0
7133,0
7134,0
7135,0
7136,0
7137,0
7138,0
7139,0
7140,0
7141,99
7142,253
7143,376
7144,1022
7145,1023
7146,1022
7147,1023
7148,1023
7149,1022
7150,1023
7151,390
7152,0
7153,0
7154,0
7155,0
7156,0
7157,0
7158,0
7159,0
7160,0
7161,93
7162,251
7163,374
7164,1022
7165,1023
7166,1022
7167,1023
7168,1023
7169,1022
7170,1022
7171,401
7172,0
7173,0
7174,0
7175,0
7176,0
7177,0
7178,0
7179,0
7180,0
7181,92
7182,249
7183,372
7184,1022
7185,1023
7186,1022
7187,1022
7188,1022
7189,1023
7190,1023
7191,404
7192,0
7193,0
7194,0
7195,0
7196,0
7197,0
7198,0
7199,0
7200,0
7201,93
7202,250
7203,373
7204,1022
7205,1023
7206,1023
7207,1022
7208,1023
7209,1022
7210,1022
7211,412
7212,0
7213,0
7214,0
7215,0
7216,0
7217,0
7218,0
7219,0
7220,0
7221,88
7222,247
7223,369
7224,1022
7225,1023
7226,1022
7227,1023
7228,1023
7229,1022
7230,1023
7231,423
7232,0
7233,0
7234,0
7235,0
7236,0
7237,0
7238,0
7239,0
7240,0
7241,87
7242,245
7243,368
7244,1022
7245,1023
7246,1023
7247,1023
7248,1023
7249,1022
7250,1023
7251,428
7252,0
7253,0
7254,0
7255,0
7256,0
7257,0
7258,0
7259,0
7260,0
7261,88
7262,246
7263,367
7264,1022
7265,1023
7266,1022
7267,1022
7268,1023
7269,1022
7270,1023
7271,436
7272,0
7273,0
7274,0
7275,0
7276,0
7277,0
7278,0
7279,0
7280,0
7281,86
7282,245
7283,366
7284,1022
7285,1022
7286,1023
7287,1023
7288,1023
7289,1022
7290,1022
7291,443
7292,0
7293,0
7294,0
7295,0
7296,0
7297,0
7298,0
7299,0
7300,0
7301,80
7302,241
7303,359
7304,1022
7305,1023
7306,1023
7307,1022
7308,1023
7309,1022
7310,1023
7311,450
7312,0
7313,0
7314,0
7315,0
7316,0
7317,0
7318,0
7319,0
7320,0
7321,73
7322,233
7323,350
7324,1022
7325,1022
7326,1022
7327,1022
7328,1023
7329,1022
7330,1023
7331,447
7332,0
7333,0
7334,0
7335,0
7336,0
7337,0
7338,0
7339,0
7340,0
7341,59
7342,215
7343,333
7344,1022
7345,1023
7346,1022
7347,1022
7348,1023
7349,1022
7350,1023
7351,439
7352,0
7353,0
7354,0
7355,0
7356,0
7357,0
7358,0
7359,0
7360,0
7361,21
7362,180
7363,295
7364,1022
7365,1023
7366,1022
7367,1023
7368,1023
7369,1022
7370,1023
7371,476
7372,0
7373,0
7374,0
7375,0
7376,0
7377,0
7378,0
7379,0
7380,0
7381,179
7382,344
7383,462
7384,1022
7385,1023
7386,1022
7387,1022
7388,1022
7389,1022
7390,1023
7391,542
7392,0
7393,0
7394,0
7395,0
7396,0
7397,0
7398,0
7399,0
7400,0
7401,135
7402,297
7403,413
7404,1022
7405,1023
7406,1023
7407,1022
7408,1022
7409,1022
7410,1023
7411,505
7412,0
7413,0
7414,0
7415,0
7416,0
7417,0
7418,0
7419,0
7420,0
7421,88
7422,253
7423,363
7424,1022
7425,1023
7426,1023
7427,1022
7428,1023
7429,1022
7430,1023
7431,497
7432,0
7433,0
7434,0
7435,0
7436,0
7437,0
7438,0
7439,0
7440,0
7441,72
7442,240
7443,358
7444,1022
7445,1023
7446,1023
7447,1023
7448,1023
7449,1022
7450,1023
7451,520
7452,0
7453,0
7454,0
7455,0
7456,0
7457,0
7458,0
7459,0
7460,0
7461,123
7462,290
7463,409
7464,1022
7465,1023
7466,1022
7467,1022
7468,1023
7469,1022
7470,1023
7471,555
7472,0
7473,0
7474,0
7475,0
7476,0
7477,0
7478,0
7479,0
7480,0
7481,118
7482,287
7483,406
7484,1022
7485,1022
7486,1023
7487,1022
7488,1023
7489,1022
7490,1022
7491,528
7492,0
7493,0
7494,0
7495,0
7496,0
7497,0
7498,0
7499,0
7500,0
7501,71
7502,235
7503,348
7504,1022
7505,1023
7506,1022
7507,1023
7508,1023
7509,1022
7510,1023
7511,515
7512,0
7513,0
7514,0
7515,0
7516,0
7517,0
7518,0
7519,0
7520,0
7521,36
7522,199
7523,315
7524,1022
7525,1023
7526,1022
7527,1022
7528,1022
7529,1022
7530,1023
7531,495
7532,0
7533,0
7534,0
7535,0
7536,0
7537,0
7538,0
7539,0
7540,0
7541,0
7542,159
7543,289
7544,1022
7545,1023
7546,1022
7547,1023
7548,1023
7549,1022
7550,1023
7551,528
7552,0
7553,0
7554,0
7555,0
7556,0
7557,0
7558,0
7559,0
7560,0
7561,66
7562,234
7563,348
7564,1022
7565,1023
7566,1023
7567,1022
7568,1023
7569,1022
7570,1023
7571,555
7572,0
7573,0
7574,0
7575,0
7576,0
7577,0
7578,0
7579,0
7580,0
7581,60
7582,224
7583,340
7584,1022
7585,1023
7586,1022
7587,1022
7588,1023
7589,1022
7590,1023
7591,547
7592,0
7593,0
7594,0
7595,0
7596,0
7597,0
7598,0
7599,0
7600,0
7601,53
7602,220
7603,332
7604,1022
7605,1023
7606,1022
7607,1022
7608,1023
7609,1022
7610,1023
7611,557
7612,0
7613,0
7614,0
7615,0
7616,0
7617,0
7618,0
7619,0
7620,0
7621,56
7622,224
7623,337
7624,1022
7625,1023
7626,1022
7627,1023
7628,1023
7629,1022
7630,1023
7631,568
7632,0
7633,0
7634,0
7635,0
7636,0
7637,0
7638,0
7639,0
7640,0
7641,56
7642,224
7643,339
7644,1022
7645,1023
7646,1022
7647,1022
7648,1023
7649,1022
7650,1023
7651,587
7652,0
7653,0
7654,0
7655,0
7656,0
7657,0
7658,0
7659,0
7660,0
7661,59
7662,228
7663,344
7664,1022
7665,1023
7666,1022
7667,1022
7668,1022
7669,1022
7670,1023
7671,596
7672,0
7673,0
7674,0
7675,0
7676,0
7677,0
7678,0
7679,0
7680,0
7681,51
7682,221
7683,340
7684,1022
7685,1023
7686,1023
7687,1023
7688,1023
7689,1022
7690,1023
7691,596
7692,0
7693,0
7694,0
7695,0
7696,0
7697,0
7698,0
7699,0
7700,0
7701,65
7702,231
7703,348
7704,1022
7705,1023
7706,1022
7707,1022
7708,1023
7709,1022
7710,1023
7711,610
7712,0
7713,0
7714,0
7715,0
7716,0
7717,0
7718,0
7719,0
7720,0
7721,62
7722,227
7723,343
7724,1022
7725,1023
7726,1022
7727,1023
7728,1022
7729,1022
7730,1023
7731,618
7732,0
7733,0
7734,0
7735,0
7736,0
7737,0
7738,0
7739,0
7740,0
7741,65
7742,231
7743,347
7744,1022
7745,1023
7746,1023
7747,1023
7748,1023
7749,1022
7750,1023
7751,629
7752,0
7753,0
7754,0
7755,0
7756,0
7757,0
7758,0
7759,0
7760,0
7761,62
7762,233
7763,348
7764,1022
7765,1023
7766,1022
7767,1022
7768,1022
7769,1022
7770,1022
7771,639
7772,0
7773,0
7774,0
7775,0
7776,0
7777,0
7778,0
7779,0
7780,0
7781,75
7782,246
7783,363
7784,1022
7785,1023
7786,1022
7787,1022
7788,1022
7789,1022
7790,1023
7791,656
7792,0
7793,0
7794,0
7795,0
7796,0
7797,0
7798,0
7799,0
7800,0
7801,76
7802,245
7803,358
7804,1022
7805,1023
7806,1023
7807,1023
7808,1023
7809,1022
7810,1023
7811,656
7812,0
7813,0
7814,0
7815,0
7816,0
7817,0
7818,0
7819,0
7820,0
7821,69
7822,243
7823,357
7824,1022
7825,1023
7826,1022
7827,1022
7828,1023
7829,1022
7830,1023
7831,664
7832,0
7833,0
7834,0
7835,0
7836,0
7837,0
7838,0
7839,0
7840,0
7841,66
7842,238
7843,350
7844,1022
7845,1023
7846,1023
7847,1023
7848,1023
7849,1022
7850,1023
7851,668
7852,0
7853,0
7854,0
7855,0
7856,0
7857,0
7858,0
7859,0
7860,0
7861,56
7862,230
7863,347
7864,1022
7865,1023
7866,1022
7867,1023
7868,1023
7869,1023
7870,1023
7871,669
7872,0
7873,0
7874,0
7875,0
7876,0
7877,0
7878,0
7879,0
7880,0
7881,63
7882,236
7883,351
7884,1022
7885,1023
7886,1022
7887,1022
7888,1022
7889,1022
7890,1023
7891,686
7892,0
7893,0
7894,0
7895,0
7896,0
7897,0
7898,0
7899,0
7900,0
7901,60
7902,232
7903,347
7904,1022
7905,1023
7906,1022
7907,1023
7908,1022
7909,1022
7910,1023
7911,690
7912,0
7913,0
7914,0
7915,0
7916,0
7917,0
7918,0
7919,0
7920,0
7921,59
7922,233
7923,350
7924,1022
7925,1023
7926,1022
7927,1022
7928,1023
7929,1022
7930,1023
7931,703
7932,0
7933,0
7934,0
7935,0
7936,0
7937,0
7938,0
7939,0
7940,0
7941,58
7942,235
7943,352
7944,1022
7945,1023
7946,1022
7947,1023
7948,1023
7949,1022
7950,1023
7951,693
7952,0
7953,0
7954,0
7955,0
7956,0
7957,0
7958,0
7959,0
7960,0
7961,45
7962,221
7963,341
7964,1022
7965,1023
7966,1022
7967,1023
7968,1023
7969,1022
7970,1023
7971,710
7972,0
7973,0
7974,0
7975,0
7976,0
7977,0
7978,0
7979,0
7980,0
7981,67
7982,236
7983,351
7984,1022
7985,1023
7986,1023
7987,1022
7988,1022
7989,1022
7990,1022
7991,716
7992,0
7993,0
7994,0
7995,0
7996,0
7997,0
7998,0
7999,0
8000,0
8001,57
8002,233
8003,348
8004,1022
8005,1023
8006,1022
8007,1022
8008,1022
8009,1022
8010,1023
8011,734
8012,0
8013,0
8014,0
8015,0
8016,0
8017,0
8018,0
8019,0
8020,0
8021,59
8022,227
8023,344
8024,1022
8025,1023
8026,1023
8027,1022
8028,1022
8029,1022
8030,1023
8031,740
8032,0
8033,0
8034,0
8035,0
8036,0
8037,0
8038,0
8039,0
8040,0
8041,47
8042,221
8043,336
8044,1021
8045,1023
8046,1023
8047,1023
8048,1023
8049,1022
8050,1023
8051,748
8052,0
8053,0
8054,0
8055,0
8056,0
8057,0
8058,0
8059,0
8060,0
8061,48
8062,230
8063,345
8064,1021
8065,1023
8066,1022
8067,1022
8068,1023
8069,1022
8070,1023
8071,747
8072,0
8073,0
8074,0
8075,0
8076,0
8077,0
8078,0
8079,0
8080,0
8081,34
8082,219
8083,341
8084,1020
8085,1023
8086,1022
8087,1022
8088,1023
8089,1023
8090,1023
8091,753
8092,0
8093,0
8094,0
8095,0
8096,0
8097,0
8098,0
8099,0
8100,0
8101,40
8102,219
8103,336
8104,1018
8105,1022
8106,1023
8107,1022
8108,1022
8109,1022
8110,1023
8111,775
8112,0
8113,0
8114,0
8115,0
8116,0
8117,0
8118,0
8119,0
8120,0
8121,45
8122,220
8123,335
8124,1016
8125,1022
8126,1022
8127,1023
8128,1022
8129,1022
8130,1023
8131,787
8132,0
8133,0
8134,0
8135,0
8136,0
8137,0
8138,0
8139,0
8140,0
8141,44
8142,219
8143,335
8144,1015
8145,1023
8146,1022
8147,1022
8148,1022
8149,1022
8150,1023
8151,797
8152,0
8153,0
8154,0
8155,0
8156,0
8157,0
8158,0
8159,0
8160,0
8161,42
8162,216
8163,332
8164,1009
8165,1023
8166,1022
8167,1023
8168,1022
8169,1023
8170,1023
8171,806
8172,0
8173,0
8174,0
8175,0
8176,0
8177,0
8178,0
8179,0
8180,0
8181,39
8182,216
8183,334
8184,1008
8185,1023
8186,1022
8187,1023
8188,1023
8189,1022
8190,1023
8191,810
8192,0
8193,0
8194,0
8195,0
8196,0
8197,0
8198,0
8199,0
8200,0
8201,39
8202,216
8203,334
8204,1006
8205,1023
8206,1022
8207,1022
8208,1023
8209,1022
8210,1023
8211,808
8212,0
8213,0
8214,0
8215,0
8216,0
8217,0
8218,0
8219,0
8220,0
8221,40
8222,220
8223,337
8224,1003
8225,1023
8226,1022
8227,1022
8228,1023
8229,1022
8230,1023
8231,815
8232,0
8233,0
8234,0
8235,0
8236,0
8237,0
8238,0
8239,0
8240,0
8241,34
8242,212
8243,330
8244,988
8245,1023
8246,1022
8247,1023
8248,1023
8249,1022
8250,1023
8251,828
8252,0
8253,0
8254,0
8255,0
8256,0
8257,0
8258,0
8259,0
8260,0
8261,36
8262,219
8263,337
8264,991
8265,1023
8266,1022
8267,1022
8268,1022
8269,1022
8270,1023
8271,835
8272,0
8273,0
8274,0
8275,0
8276,0
8277,0
8278,0
8279,0
8280,0
8281,33
8282,215
8283,331
8284,974
8285,1023
8286,1022
8287,1022
8288,1023
8289,1022
8290,1023
8291,847
8292,0
8293,0
8294,0
8295,0
8296,0
8297,0
8298,0
8299,0
8300,0
8301,40
8302,222
8303,340
8304,980
8305,1023
8306,1022
8307,1022
8308,1023
8309,1022
8310,1023
8311,861
8312,0
8313,0
8314,0
8315,0
8316,0
8317,0
8318,0
8319,0
8320,0
8321,39
8322,219
8323,335
8324,973
8325,1023
8326,1022
8327,1022
8328,1023
8329,1022
8330,1023
8331,869
8332,0
8333,0
8334,0
8335,0
8336,0
8337,0
8338,0
8339,0
8340,0
8341,45
8342,227
8343,344
8344,970
8345,1023
8346,1022
8347,1023
8348,1023
8349,1022
8350,1023
8351,893
8352,0
8353,0
8354,0
8355,0
8356,0
8357,0
8358,0
8359,0
8360,0
8361,65
8362,248
8363,365
8364,985
8365,1023
8366,1022
8367,1022
8368,1023
8369,1022
8370,1023
8371,915
8372,0
8373,0
8374,0
8375,0
8376,0
8377,0
8378,0
8379,0
8380,0
8381,81
8382,263
8383,378
8384,991
8385,1023
8386,1023
8387,1023
8388,1023
8389,1022
8390,1023
8391,916
8392,0
8393,0
8394,0
8395,0
8396,0
8397,0
8398,0
8399,0
8400,0
8401,20
8402,201
8403,313
8404,916
8405,1023
8406,1022
8407,1022
8408,1023
8409,1022
8410,1023
8411,847
8412,0
8413,0
8414,0
8415,0
8416,0
8417,0
8418,0
8419,0
8420,0
8421,0
8422,105
8423,217
8424,824
8425,1023
8426,1022
8427,1023
8428,1023
8429,1022
8430,1023
8431,820
8432,0
8433,0
8434,0
8435,0
8436,0
8437,0
8438,0
8439,0
8440,0
8441,0
8442,95
8443,211
8444,813
8445,1023
8446,1022
8447,1022
8448,1022
8449,1022
8450,1022
8451,838
8452,0
8453,0
8454,0
8455,0
8456,0
8457,0
8458,0
8459,0
8460,0
8461,0
8462,121
8463,238
8464,832
8465,1023
8466,1022
8467,1023
8468,1022
8469,1022
8470,1023
8471,874
8472,0
8473,0
8474,0
8475,0
8476,0
8477,0
8478,0
8479,0
8480,0
8481,0
8482,156
8483,276
8484,866
8485,1023
8486,1022
8487,1022
8488,1022
8489,1022
8490,1023
8491,905
8492,0
8493,0
8494,0
8495,0
8496,0
8497,0
8498,0
8499,0
8500,0
8501,0
8502,179
8503,299
8504,882
8505,1023
8506,1022
8507,1022
8508,1023
8509,1022
8510,1023
8511,959
8512,0
8513,0
8514,0
8515,0
8516,0
8517,0
8518,0
8519,0
8520,0
8521,30
8522,213
8523,333
8524,911
8525,1023
8526,1023
8527,1022
8528,1023
8529,1022
8530,1023
8531,1007
8532,0
8533,0
8534,0
8535,0
8536,0
8537,0
8538,0
8539,0
8540,0
8541,60
8542,244
8543,361
8544,938
8545,1023
8546,1022
8547,1023
8548,1023
8549,1022
8550,1023
8551,1020
8552,0
8553,0
8554,0
8555,0
8556,0
8557,0
8558,0
8559,0
8560,0
8561,82
8562,271
8563,392
8564,956
8565,1022
8566,1023
8567,1023
8568,1023
8569,1022
8570,1022
8571,1022
8572,0
8573,0
8574,0
8575,0
8576,0
8577,0
8578,0
8579,0
8580,0
8581,63
8582,244
8583,361
8584,918
8585,1023
8586,1022
8587,1022
8588,1022
8589,1022
8590,1023
8591,1013
8592,0
8593,0
8594,0
8595,0
8596,0
8597,0
8598,0
8599,0
8600,0
8601,39
8602,228
8603,352
8604,913
8605,1023
8606,1022
8607,1022
8608,1022
8609,1022
8610,1023
8611,1021
8612,0
8613,0
8614,0
8615,0
8616,0
8617,0
8618,0
8619,0
8620,0
8621,57
8622,243
8623,361
8624,904
8625,1023
8626,1022
8627,1022
8628,1022
8629,1022
8630,1023
8631,1019
8632,0
8633,0
8634,0
8635,0
8636,0
8637,0
8638,0
8639,0
8640,0
8641,0
8642,194
8643,312
8644,849
8645,1023
8646,1023
8647,1023
8648,1023
8649,1022
8650,1023
8651,1001
8652,0
8653,0
8654,0
8655,0
8656,0
8657,0
8658,0
8659,0
8660,0
8661,0
8662,183
8663,302
8664,830
8665,1023
8666,1022
8667,1022
8668,1023
8669,1022
8670,1023
8671,1008
8672,0
8673,0
8674,0
8675,0
8676,0
8677,0
8678,0
8679,0
8680,0
8681,29
8682,215
8683,337
8684,856
8685,1023
8686,1023
8687,1023
8688,1023
8689,1022
8690,1023
8691,1021
8692,0
8693,0
8694,0
8695,0
8696,0
8697,0
8698,0
8699,0
8700,0
8701,81
8702,267
8703,388
8704,899
8705,1023
8706,1022
8707,1022
8708,1022
8709,1022
8710,1023
8711,1022
8712,0
8713,0
8714,0
8715,0
8716,0
8717,0
8718,0
8719,0
8720,0
8721,92
8722,280
8723,401
8724,904
8725,1023
8726,1022
8727,1022
8728,1022
8729,1022
8730,1023
8731,1022
8732,0
8733,0
8734,0
8735,0
8736,0
8737,0
8738,0
8739,0
8740,0
8741,64
8742,248
8743,365
8744,856
8745,1023
8746,1022
8747,1022
8748,1022
8749,1022
8750,1023
8751,1022
8752,0
8753,0
8754,0
8755,0
8756,0
8757,0
8758,0
8759,0
8760,0
8761,35
8762,217
8763,333
8764,822
8765,1023
8766,1022
8767,1023
8768,1023
8769,1022
8770,1023
8771,1021
8772,0
8773,0
8774,0
8775,0
8776,0
8777,0
8778,0
8779,0
8780,0
8781,3
8782,199
8783,317
8784,800
8785,1023
8786,1022
8787,1022
8788,1023
8789,1022
8790,1023
8791,1022
8792,0
8793,0
8794,0
8795,0
8796,0
8797,0
8798,0
8799,0
8800,0
8801,0
8802,191
8803,309
8804,788
8805,1023
8806,1022
8807,1022
8808,1023
8809,1022
8810,1023
8811,1022
8812,0
8813,0
8814,0
8815,0
8816,0
8817,0
8818,0
8819,0
8820,0
8821,7
8822,203
8823,322
8824,793
8825,1023
8826,1023
8827,1022
8828,1023
8829,1022
8830,1022
8831,1022
8832,0
8833,0
8834,0
8835,0
8836,0
8837,0
8838,0
8839,0
8840,0
8841,6
8842,203
8843,323
8844,786
8845,1023
8846,1022
8847,1022
8848,1023
8849,1022
8850,1023
8851,1022
8852,0
8853,0
8854,0
8855,0
8856,0
8857,0
8858,0
8859,0
8860,0
8861,0
8862,200
8863,316
8864,771
8865,1022
8866,1022
8867,1023
8868,1023
8869,1022
8870,1023
8871,1022
8872,0
8873,0
8874,0
8875,0
8876,0
8877,0
8878,0
8879,0
8880,0
8881,0
8882,197
8883,315
8884,771
8885,1023
8886,1022
8887,1022
8888,1023
8889,1022
8890,1023
8891,1022
8892,0
8893,0
8894,0
8895,0
8896,0
8897,0
8898,0
8899,0
8900,0
8901,0
8902,199
8903,325
8904,779
8905,1023
8906,1022
8907,1022
8908,1023
8909,1022
8910,1023
8911,1022
8912,0
8913,0
8914,0
8915,0
8916,0
8917,0
8918,0
8919,0
8920,0
8921,0
8922,197
8923,323
8924,773
8925,1022
8926,1022
8927,1023
8928,1022
8929,1022
8930,1023
8931,1022
8932,0
8933,0
8934,0
8935,0
8936,0
8937,0
8938,0
8939,0
8940,0
8941,0
8942,206
8943,332
8944,781
8945,1023
8946,1022
8947,1022
8948,1022
8949,1022
8950,1023
8951,1022
8952,0
8953,0
8954,0
8955,0
8956,0
8957,0
8958,0
8959,0
8960,0
8961,0
8962,209
8963,336
8964,780
8965,1023
8966,1023
8967,1023
8968,1023
8969,1022
8970,1023
8971,1022
8972,0
8973,0
8974,0
8975,0
8976,0
8977,0
8978,0
8979,0
8980,0
8981,0
8982,204
8983,333
8984,778
8985,1023
8986,1023
8987,1022
8988,1023
8989,1022
8990,1023
8991,1022
8992,0
8993,0
8994,0
8995,0
8996,0
8997,0
8998,0
8999,0
9000,0
9001,0
9002,195
9003,323
9004,762
9005,1023
9006,1022
9007,1023
9008,1023
9009,1022
9010,1023
9011,1022
9012,0
9013,0
9014,0
9015,0
9016,0
9017,0
9018,0
9019,0
9020,0
9021,0
9022,174
9023,302
9024,736
9025,1023
9026,1022
9027,1023
9028,1023
9029,1022
9030,1023
9031,1022
9032,0
9033,0
9034,0
9035,0
9036,0
9037,0
9038,0
9039,0
9040,0
9041,0
9042,157
9043,287
9044,726
9045,1023
9046,1022
9047,1022
9048,1023
9049,1022
9050,1023
9051,1022
9052,0
9053,0
9054,0
9055,0
9056,0
9057,0
9058,0
9059,0
9060,0
9061,0
9062,162
9063,284
9064,713
9065,1023
9066,1022
9067,1022
9068,1023
9069,1022
9070,1023
9071,1022
9072,0
9073,0
9074,0
9075,0
9076,0
9077,0
9078,0
9079,0
9080,0
9081,0
9082,174
9083,298
9084,720
9085,1023
9086,1022
9087,1023
9088,1022
9089,1022
9090,1023
9091,1022
9092,0
9093,0
9094,0
9095,0
9096,0
9097,0
9098,0
9099,0
9100,0
9101,0
9102,181
9103,308
9104,730
9105,1023
9106,1022
9107,1023
9108,1023
9109,1022
9110,1023
9111,1022
9112,0
9113,0
9114,0
9115,0
9116,0
9117,0
9118,0
9119,0
9120,0
9121,0
9122,163
9123,286
9124,692
9125,1023
9126,1023
9127,1023
9128,1023
9129,1022
9130,1023
9131,1022
9132,0
9133,0
9134,0
9135,0
9136,0
9137,0
9138,0
9139,0
9140,0
9141,0
9142,175
9143,304
9144,707
9145,1023
9146,1022
9147,1022
9148,1023
9149,1022
9150,1023
9151,1022
9152,0
9153,0
9154,0
9155,0
9156,0
9157,0
9158,0
9159,0
9160,0
9161,0
9162,165
9163,295
9164,696
9165,1023
9166,1023
9167,1022
9168,1023
9169,1022
9170,1022
9171,1022
9172,0
9173,0
9174,0
9175,0
9176,0
9177,0
9178,0
9179,0
9180,0
9181,0
9182,167
9183,299
9184,697
9185,1022
9186,1022
9187,1022
9188,1023
9189,1022
9190,1023
9191,1022
9192,0
9193,0
9194,0
9195,0
9196,0
9197,0
9198,0
9199,0
9200,0
9201,0
9202,160
9203,292
9204,689
9205,1023
9206,1023
9207,1023
9208,1022
9209,1022
9210,1023
9211,1022
9212,0
9213,0
9214,0
9215,0
9216,0
9217,0
9218,0
9219,0
9220,0
9221,0
9222,166
9223,297
9224,692
9225,1023
9226,1022
9227,1022
9228,1023
9229,1022
9230,1023
9231,1022
9232,0
9233,0
9234,0
9235,0
9236,0
9237,0
9238,0
9239,0
9240,0
9241,0
9242,170
9243,303
9244,692
9245,1023
9246,1022
9247,1022
9248,1023
9249,1022
9250,1023
9251,1022
9252,0
9253,0
9254,0
9255,0
9256,0
9257,0
9258,0
9259,0
9260,0
9261,0
9262,172
9263,307
9264,699
9265,1022
9266,1022
9267,1022
9268,1023
9269,1022
9270,1023
9271,1022
9272,0
9273,0
9274,0
9275,0
9276,0
9277,0
9278,0
9279,0
9280,0
9281,0
9282,175
9283,311
9284,695
9285,1023
9286,1023
9287,1022
9288,1023
9289,1022
9290,1023
9291,1022
9292,0
9293,0
9294,0
9295,0
9296,0
9297,0
9298,0
9299,0
9300,0
9301,0
9302,172
9303,307
9304,686
9305,1023
9306,1022
9307,1022
9308,1023
9309,1022
9310,1023
9311,1022
9312,0
9313,0
9314,0
9315,0
9316,0
9317,0
9318,0
9319,0
9320,0
9321,0
9322,179
9323,312
9324,687
9325,1023
9326,1023
9327,1022
9328,1023
9329,1022
9330,1023
9331,1022
9332,0
9333,0
9334,0
9335,0
9336,0
9337,0
9338,0
9339,0
9340,0
9341,0
9342,184
9343,316
9344,686
9345,1023
9346,1022
9347,1023
9348,1023
9349,1022
9350,1023
9351,1022
9352,0
9353,0
9354,0
9355,0
9356,0
9357,0
9358,0
9359,0
9360,0
9361,0
9362,179
9363,316
9364,684
9365,1023
9366,1022
9367,1023
9368,1023
9369,1022
9370,1023
9371,1022
9372,0
9373,0
9374,0
9375,0
9376,0
9377,0
9378,0
9379,0
9380,0
9381,0
9382,179
9383,316
9384,682
9385,1023
9386,1022
9387,1022
9388,1022
9389,1022
9390,1023
9391,1022
9392,0
9393,0
9394,0
9395,0
9396,0
9397,0
9398,0
9399,0
9400,0
9401,0
9402,179
9403,316
9404,675
9405,1023
9406,1022
9407,1022
9408,1023
9409,1022
9410,1023
9411,1022
9412,0
9413,0
9414,0
9415,0
9416,0
9417,0
9418,0
9419,0
9420,0
9421,0
9422,174
9423,308
9424,663
9425,1023
9426,1022
9427,1023
9428,1023
9429,1022
9430,1023
9431,1022
9432,0
9433,0
9434,0
9435,0
9436,0
9437,0
9438,0
9439,0
9440,0
9441,0
9442,192
9443,323
9444,672
9445,1023
9446,1022
9447,1022
9448,1022
9449,1022
9450,1023
9451,1022
9452,0
9453,0
9454,0
9455,0
9456,0
9457,0
9458,0
9459,0
9460,0
9461,0
9462,201
9463,332
9464,675
9465,1023
9466,1022
9467,1022
9468,1023
9469,1022
9470,1023
9471,1022
9472,0
9473,0
9474,0
9475,0
9476,0
9477,0
9478,0
9479,0
9480,0
9481,13
9482,216
9483,348
9484,691
9485,1023
9486,1023
9487,1023
9488,1023
9489,1022
9490,1023
9491,1022
9492,0
9493,0
9494,0
9495,0
9496,0
9497,0
9498,0
9499,0
9500,0
9501,47
9502,239
9503,370
9504,707
9505,1023
9506,1022
9507,1022
9508,1023
9509,1022
9510,1023
9511,1022
9512,0
9513,0
9514,0
9515,0
9516,0
9517,0
9518,0
9519,0
9520,0
9521,53
9522,251
9523,380
9524,708
9525,1023
9526,1023
9527,1023
9528,1023
9529,1022
9530,1022
9531,1022
9532,0
9533,0
9534,0
9535,0
9536,0
9537,0
9538,0
9539,0
9540,0
9541,0
9542,134
9543,262
9544,586
9545,1023
9546,1023
9547,1022
9548,1022
9549,1022
9550,1023
9551,1022
9552,0
9553,0
9554,0
9555,0
9556,0
9557,0
9558,0
9559,0
9560,0
9561,0
9562,112
9563,241
9564,566
9565,1023
9566,1022
9567,1022
9568,1022
9569,1022
9570,1023
9571,1022
9572,0
9573,0
9574,0
9575,0
9576,0
9577,0
9578,0
9579,0
9580,0
9581,0
9582,105
9583,241
9584,566
9585,1023
9586,1022
9587,1023
9588,1023
9589,1022
9590,1023
9591,1022
9592,0
9593,0
9594,0
9595,0
9596,0
9597,0
9598,0
9599,0
9600,0
9601,0
9602,122
9603,258
9604,585
9605,1023
9606,1022
9607,1023
9608,1023
9609,1022
9610,1023
9611,1022
9612,0
9613,0
9614,0
9615,0
9616,0
9617,0
9618,0
9619,0
9620,0
9621,0
9622,133
9623,270
9624,588
9625,1023
9626,1022
9627,1023
9628,1023
9629,1022
9630,1023
9631,1022
9632,0
9633,0
9634,0
9635,0
9636,0
9637,0
9638,0
9639,0
9640,0
9641,0
9642,136
9643,272
9644,591
9645,1023
9646,1023
9647,1022
9648,1023
9649,1022
9650,1023
9651,1022
9652,0
9653,0
9654,0
9655,0
9656,0
9657,0
9658,0
9659,0
9660,0
9661,0
9662,140
9663,278
9664,594
9665,1023
9666,1022
9667,1023
9668,1023
9669,1022
9670,1023
9671,1022
9672,0
9673,0
9674,0
9675,0
9676,0
9677,0
9678,0
9679,0
9680,0
9681,0
9682,137
9683,276
9684,587
9685,1023
9686,1022
9687,1022
9688,1023
9689,1022
9690,1023
9691,1022
9692,0
9693,0
9694,0
9695,0
9696,0
9697,0
9698,0
9699,0
9700,0
9701,0
9702,147
9703,286
9704,597
9705,1023
9706,1022
9707,1023
9708,1023
9709,1022
9710,1023
9711,1022
9712,0
9713,0
9714,0
9715,0
9716,0
9717,0
9718,0
9719,0
9720,0
9721,0
9722,156
9723,294
9724,600
9725,1023
9726,1022
9727,1023
9728,1023
9729,1022
9730,1023
9731,1022
9732,0
9733,0
9734,0
9735,0
9736,0
9737,0
9738,0
9739,0
9740,0
9741,0
9742,162
9743,296
9744,597
9745,1023
9746,1022
9747,1023
9748,1023
9749,1022
9750,1023
9751,1022
9752,0
9753,0
9754,0
9755,0
9756,0
9757,0
9758,0
9759,0
9760,0
9761,0
9762,157
9763,295
9764,593
9765,1023
9766,1022
9767,1022
9768,1022
9769,1022
9770,1022
9771,1022
9772,0
9773,0
9774,0
9775,0
9776,0
9777,0
9778,0
9779,0
9780,0
9781,0
9782,155
9783,293
9784,590
9785,1023
9786,1022
9787,1022
9788,1023
9789,1022
9790,1023
9791,1022
9792,0
9793,0
9794,0
9795,0
9796,0
9797,0
9798,0
9799,0
9800,0
9801,0
9802,159
9803,297
9804,590
9805,1023
9806,1022
9807,1022
9808,1022
9809,1022
9810,1023
9811,1022
9812,0
9813,0
9814,0
9815,0
9816,0
9817,0
9818,0
9819,0
9820,0
9821,0
9822,151
9823,291
9824,583
9825,1023
9826,1022
9827,1023
9828,1023
9829,1022
9830,1023
9831,1022
9832,0
9833,0
9834,0
9835,0
9836,0
9837,0
9838,0
9839,0
9840,0
9841,0
9842,156
9843,295
9844,583
9845,1023
9846,1023
9847,1023
9848,1023
9849,1022
9850,1023
9851,1022
9852,0
9853,0
9854,0
9855,0
9856,0
9857,0
9858,0
9859,0
9860,0
9861,0
9862,156
9863,296
9864,580
9865,1023
9866,1022
9867,1023
9868,1022
9869,1022
9870,1023
9871,1022
9872,0
9873,0
9874,0
9875,0
9876,0
9877,0
9878,0
9879,0
9880,0
9881,0
9882,163
9883,302
9884,582
9885,1023
9886,1022
9887,1022
9888,1022
9889,1022
9890,1023
9891,1022
9892,0
9893,0
9894,0
9895,0
9896,0
9897,0
9898,0
9899,0
9900,0
9901,0
9902,164
9903,305
9904,582
9905,1023
9906,1022
9907,1023
9908,1022
9909,1022
9910,1023
9911,1022
9912,0
9913,0
9914,0
9915,0
9916,0
9917,0
9918,0
9919,0
9920,0
9921,0
9922,160
9923,298
9924,571
9925,1023
9926,1023
9927,1022
9928,1023
9929,1022
9930,1023
9931,1022
9932,0
9933,0
9934,0
9935,0
9936,0
9937,0
9938,0
9939,0
9940,0
9941,0
9942,173
9943,312
9944,579
9945,1023
9946,1022
9947,1023
9948,1023
9949,1022
9950,1023
9951,1022
9952,0
9953,0
9954,0
9955,0
9956,0
9957,0
9958,0
9959,0
9960,0
9961,0
9962,171
9963,316
9964,585
9965,1023
9966,1023
9967,1023
9968,1023
9969,1022
9970,1023
9971,1022
9972,0
9973,0
9974,0
9975,0
9976,0
9977,0
9978,0
9979,0
9980,0
9981,0
9982,172
9983,316
9984,577
9985,1022
9986,1022
9987,1022
9988,1023
9989,1022
9990,1023
9991,1022
9992,0
9993,0
9994,0
9995,0
9996,0
9997,0
9998,0
9999,0
